{
    "experience_id": "e102",
    "user_id": "u51",
    "trip_id": "t23",
    "experience_type": "tourism",
    "experience_name": "Yosemite National Park Visit",
    "rating": 5.0,
    "review": "Breathtaking scenery with towering granite cliffs, waterfalls, and giant sequoias. A must-visit for nature lovers.",
    "price": 0,
    "currency": "USD",
    "experience_date": "2025-03-19",
    "details": {
        "duration": "full day",
        "crowd_level": "high"
    },
    "place": {
        "place_name": "Yosemite National Park",
        "address": "9039 Village Dr, Yosemite National Park, CA 95389, USA",
        "latitude": 37.75,
        "longitude": -119.5833,
        "country": "USA",
        "city": "Yosemite National Park",
        "category": "national_park",
        "accessibility": "moderate"
    },
    "photo": {
        "file_name": "yosemite_national_park.jpg",
        "file_path": "/uploads/u789012/yosemite_national_park.jpg",
        "file_size": 2048000,
        "file_type": "image/jpeg",
        "caption": "Half Dome and El Capitan",
        "photo_latitude": 37.75,
        "photo_longitude": -119.5833,
        "taken_at": "2025-03-19T12:00:00-08:00",
        "is_public": true
    },
    "created_at": "2025-03-19T18:00:00-08:00"
}