{
    "experience_id": "e115",
    "user_id": "u58",
    "trip_id": "t26",
    "experience_type": "outdoor",
    "experience_name": "Morro Bay and Montaña de Oro State Park Visit",
    "rating": 4.7,
    "review": "Beautiful coastal views in Morro Bay and great hiking trails in Montaña de Oro State Park.",
    "price": 0,
    "currency": "USD",
    "experience_date": "2025-03-19",
    "details": {
        "duration": "8 hours",
        "crowd_level": "moderate"
    },
    "place": {
        "place_name": "Morro Bay and Montaña de Oro State Park",
        "address": "Montaña de Oro State Park, 1513 Montaña de Oro Rd, Morro Bay, CA 93442, USA",
        "latitude": 35.3667,
        "longitude": -120.8667,
        "country": "USA",
        "city": "Morro Bay",
        "category": "state_park",
        "accessibility": "moderate"
    },
    "photo": {
        "file_name": "morro_bay_park.jpg",
        "file_path": "/uploads/u789012/morro_bay_park.jpg",
        "file_size": 2048000,
        "file_type": "image/jpeg",
        "caption": "Coastal views and hiking trails",
        "photo_latitude": 35.3667,
        "photo_longitude": -120.8667,
        "taken_at": "2025-03-19T13:00:00-08:00",
        "is_public": true
    },
    "created_at": "2025-03-19T18:30:00-08:00"
}