{
    "experience_id": "e118",
    "user_id": "u73",
    "trip_id": "t27",
    "experience_type": "tourism",
    "experience_name": "토팡가 주립공원 탐험",
    "rating": 4.9,
    "review": "로스앤젤레스 근교의広大な公園. 하이킹과 자전거 타기 등 다양한 활동을 즐길 수 있었다.",
    "price": 0,
    "currency": "USD",
    "experience_date": "2025-03-17",
    "details": {
        "duration": "6 hours",
        "crowd_level": "moderate"
    },
    "place": {
        "place_name": "토팡가 주립공원",
        "address": "Topanga State Park, 1200 N Topanga Canyon Blvd, Topanga, CA 90290",
        "latitude": 34.0667,
        "longitude": -118.5833,
        "country": "USA",
        "city": "Topanga",
        "category": "state_park",
        "accessibility": "easy"
    },
    "photo": {
        "file_name": "topanga_state_park.jpg",
        "file_path": "/uploads/u789012/topanga_state_park.jpg",
        "file_size": 2048000,
        "file_type": "image/jpeg",
        "caption": "토팡가 주립공원의 트레일",
        "photo_latitude": 34.0667,
        "photo_longitude": -118.5833,
        "taken_at": "2025-03-17T14:00:00-08:00",
        "is_public": true
    },
    "created_at": "2025-03-17T16:00:00-08:00"
}