{
    "experience_id": "e119",
    "user_id": "u73",
    "trip_id": "t27",
    "experience_type": "tourism",
    "experience_name": "조슈아트리 국립공원 탐험",
    "rating": 5.0,
    "review": "초현실적인 경관을 가진 국립공원. 하이킹과 등반, 야생동물 관찰을 즐길 수 있었다.",
    "price": 30,
    "currency": "USD",
    "experience_date": "2025-03-18",
    "details": {
        "duration": "8 hours",
        "crowd_level": "high"
    },
    "place": {
        "place_name": "조슈아트리 국립공원",
        "address": "Joshua Tree National Park, 6554 Park Blvd, Joshua Tree, CA 92252",
        "latitude": 33.7833,
        "longitude": -115.9,
        "country": "USA",
        "city": "Joshua Tree",
        "category": "national_park",
        "accessibility": "moderate"
    },
    "photo": {
        "file_name": "joshua_tree_national_park.jpg",
        "file_path": "/uploads/u789012/joshua_tree_national_park.jpg",
        "file_size": 2048000,
        "file_type": "image/jpeg",
        "caption": "조슈아트리 국립공원의 조슈아 트리",
        "photo_latitude": 33.7833,
        "photo_longitude": -115.9,
        "taken_at": "2025-03-18T16:00:00-08:00",
        "is_public": true
    },
    "created_at": "2025-03-18T18:00:00-08:00"
}