{
    "experience_id": "e122",
    "user_id": "u86",
    "trip_id": "t28",
    "experience_type": "outdoor",
    "experience_name": "Channel Islands National Park Visit",
    "rating": 4.8,
    "review": "Beautiful islands with great hiking trails and opportunities to see sea lions and dolphins.",
    "price": 0,
    "currency": "USD",
    "experience_date": "2025-03-17",
    "details": {
        "duration": "full day",
        "crowd_level": "low"
    },
    "place": {
        "place_name": "Channel Islands National Park",
        "address": "1901 Spinnaker Dr, Ventura, CA 93001, USA",
        "latitude": 34.2667,
        "longitude": -119.2333,
        "country": "USA",
        "city": "Ventura",
        "category": "national_park",
        "accessibility": "moderate"
    },
    "photo": {
        "file_name": "channel_islands_national_park.jpg",
        "file_path": "/uploads/u789012/channel_islands_national_park.jpg",
        "file_size": 2048000,
        "file_type": "image/jpeg",
        "caption": "Scorpion Anchorage and Smugglers Cove",
        "photo_latitude": 34.2667,
        "photo_longitude": -119.2333,
        "taken_at": "2025-03-17T11:00:00-08:00",
        "is_public": true
    },
    "created_at": "2025-03-17T13:00:00-08:00"
}