{
    "experience_id": "e128",
    "user_id": "u116",
    "trip_id": "t29",
    "experience_type": "tourism",
    "experience_name": "Griffith Park Visit",
    "rating": 4.7,
    "review": "그리피스 공원은 로스앤젤레스에서 가까운 거리에 위치한 큰 메트로폴리탄 공원입니다. 할리우드 간판과 천문대를 방문하고, 다양한 하이킹 트레일을 즐길 수 있었습니다.",
    "price": 0,
    "currency": "USD",
    "experience_date": "2025-03-16",
    "details": {
        "duration": "4 hours",
        "crowd_level": "high"
    },
    "place": {
        "place_name": "Griffith Park",
        "address": "4730 Crystal Springs Dr, Los Angeles, CA 90027, USA",
        "latitude": 34.1364,
        "longitude": -118.2945,
        "country": "USA",
        "city": "Los Angeles",
        "category": "urban_park",
        "accessibility": "easy"
    },
    "photo": {
        "file_name": "griffith_park.jpg",
        "file_path": "/uploads/u789012/griffith_park.jpg",
        "file_size": 2048000,
        "file_type": "image/jpeg",
        "caption": "할리우드 간판과 그리피스 공원",
        "photo_latitude": 34.1364,
        "photo_longitude": -118.2945,
        "taken_at": "2025-03-16T12:00:00-08:00",
        "is_public": true
    },
    "created_at": "2025-03-16T14:00:00-08:00"
}