{
    "experience_id": "e13",
    "user_id": "u119",
    "trip_id": "t3",
    "experience_type": "outdoor",
    "experience_name": "Point Arena-Stornetta Public Lands Visit",
    "rating": 4.8,
    "review": "A scenic coastal area with a historic lighthouse and opportunities to see whales and other marine life.",
    "price": 0,
    "currency": "USD",
    "experience_date": "2025-03-21",
    "details": {
        "duration": "6 hours",
        "crowd_level": "low"
    },
    "place": {
        "place_name": "Point Arena-Stornetta Public Lands",
        "address": "45500 Lighthouse Rd, Point Arena, CA 95468, USA",
        "latitude": 38.95,
        "longitude": -123.7333,
        "country": "USA",
        "city": "Point Arena",
        "category": "coastal_area",
        "accessibility": "moderate"
    },
    "photo": {
        "file_name": "point_arena_stornetta.jpg",
        "file_path": "/uploads/u789012/point_arena_stornetta.jpg",
        "file_size": 2048000,
        "file_type": "image/jpeg",
        "caption": "Historic lighthouse and coastal views",
        "photo_latitude": 38.95,
        "photo_longitude": -123.7333,
        "taken_at": "2025-03-21T11:30:00-08:00",
        "is_public": true
    },
    "created_at": "2025-03-21T17:45:00-08:00"
}