{
    "experience_id": "e132",
    "user_id": "u85",
    "trip_id": "t30",
    "experience_type": "outdoor",
    "experience_name": "Griffith Park Visit",
    "rating": 4.5,
    "review": "그리피스 공원에서 하이킹과 자전거 타기를 즐기면서 할리우드 간판을 볼 수 있었다.",
    "price": 0,
    "currency": "USD",
    "experience_date": "2025-03-18",
    "details": {
        "duration": "4 hours",
        "crowd_level": "high"
    },
    "place": {
        "place_name": "Griffith Park",
        "address": "4730 Crystal Springs Dr, Los Angeles, CA 90027, USA",
        "latitude": 34.1333,
        "longitude": -118.2833,
        "country": "USA",
        "city": "Los Angeles",
        "category": "urban_park",
        "accessibility": "easy"
    },
    "photo": {
        "file_name": "griffith_park.jpg",
        "file_path": "/uploads/u789012/griffith_park.jpg",
        "file_size": 2048000,
        "file_type": "image/jpeg",
        "caption": "할리우드 간판",
        "photo_latitude": 34.1333,
        "photo_longitude": -118.2833,
        "taken_at": "2025-03-18T14:00:00-08:00",
        "is_public": true
    },
    "created_at": "2025-03-19T10:00:00+09:00"
}