{
    "experience_id": "e133",
    "user_id": "u85",
    "trip_id": "t30",
    "experience_type": "relaxation",
    "experience_name": "Palm Springs Relaxation",
    "rating": 5.0,
    "review": "팜 스프링스에서 휴식을 취하면서 온천과 골프를 즐기다.",
    "price": 200,
    "currency": "USD",
    "experience_date": "2025-03-19",
    "details": {
        "duration": "12 hours",
        "crowd_level": "moderate"
    },
    "place": {
        "place_name": "Palm Springs",
        "address": "3200 E Tahquitz Canyon Way, Palm Springs, CA 92262, USA",
        "latitude": 33.8333,
        "longitude": -116.5333,
        "country": "USA",
        "city": "Palm Springs",
        "category": "resort_town",
        "accessibility": "easy"
    },
    "photo": {
        "file_name": "palm_springs.jpg",
        "file_path": "/uploads/u789012/palm_springs.jpg",
        "file_size": 2048000,
        "file_type": "image/jpeg",
        "caption": "팜 스프링스의 아름다운 풍경",
        "photo_latitude": 33.8333,
        "photo_longitude": -116.5333,
        "taken_at": "2025-03-19T10:00:00-08:00",
        "is_public": true
    },
    "created_at": "2025-03-20T10:00:00+09:00"
}