{
    "experience_id": "e139",
    "user_id": "u68",
    "trip_id": "t32",
    "experience_type": "tourism",
    "experience_name": "Joshua Tree National Park Visit",
    "rating": 5.0,
    "review": "조슈아 트리 국립공원은 모하비와 콜로라도 사막이 만나는 곳으로, 하이킹, 캠핑, 등반, 야생동물 관찰 등 다양한 활동을 즐길 수 있습니다. 특히 일몰은 잊지 못할 경험이었습니다.",
    "price": 0,
    "currency": "USD",
    "experience_date": "2025-03-16",
    "details": {
        "duration": "8 hours",
        "crowd_level": "moderate"
    },
    "place": {
        "place_name": "Joshua Tree National Park",
        "address": "6554 Park Blvd, Joshua Tree, CA 92252, USA",
        "latitude": 33.7489,
        "longitude": -115.9011,
        "country": "USA",
        "city": "Joshua Tree",
        "category": "national_park",
        "accessibility": "easy"
    },
    "photo": {
        "file_name": "joshua_tree_park.jpg",
        "file_path": "/uploads/u789012/joshua_tree_park.jpg",
        "file_size": 2048000,
        "file_type": "image/jpeg",
        "caption": "조슈아 트리 국립공원의 일몰",
        "photo_latitude": 33.7489,
        "photo_longitude": -115.9011,
        "taken_at": "2025-03-16T17:00:00-08:00",
        "is_public": true
    },
    "created_at": "2025-03-16T18:00:00-08:00"
}