{
    "experience_id": "e15",
    "user_id": "u8",
    "trip_id": "t4",
    "experience_type": "tourism",
    "experience_name": "Santa Cruz Beach Boardwalk",
    "rating": 4.8,
    "review": "Classic seaside amusement park with a Giant Dipper roller coaster.",
    "price": 50,
    "currency": "USD",
    "experience_date": "2025-03-16",
    "details": {
        "duration": "half day",
        "crowd_level": "moderate"
    },
    "place": {
        "place_name": "Santa Cruz Beach Boardwalk",
        "address": "400 Beach St, Santa Cruz, CA 95060, USA",
        "latitude": 36.9653,
        "longitude": -122.0233,
        "country": "USA",
        "city": "Santa Cruz",
        "category": "amusement_park",
        "accessibility": "easy"
    },
    "photo": {
        "file_name": "giant_dipper.jpg",
        "file_path": "/uploads/u789012/giant_dipper.jpg",
        "file_size": 2048000,
        "file_type": "image/jpeg",
        "caption": "Giant Dipper Roller Coaster",
        "photo_latitude": 36.9653,
        "photo_longitude": -122.0233,
        "taken_at": "2025-03-16T14:00:00-08:00",
        "is_public": true
    },
    "created_at": "2025-03-16T16:00:00-08:00"
}