{
    "experience_id": "e153",
    "user_id": "u66",
    "trip_id": "t35",
    "experience_type": "outdoor",
    "experience_name": "Channel Islands National Park Visit",
    "rating": 4.8,
    "review": "A fantastic island experience with great hiking trails and stunning coastal views. Saw dolphins and sea lions during the boat ride.",
    "price": 50,
    "currency": "USD",
    "experience_date": "2025-03-18",
    "details": {
        "duration": "8 hours",
        "crowd_level": "low"
    },
    "place": {
        "place_name": "Channel Islands National Park",
        "address": "1901 Spinnaker Dr, Ventura, CA 93001, USA",
        "latitude": 34.2667,
        "longitude": -119.2833,
        "country": "USA",
        "city": "Ventura",
        "category": "national_park",
        "accessibility": "moderate"
    },
    "photo": {
        "file_name": "channel_islands_park.jpg",
        "file_path": "/uploads/u789012/channel_islands_park.jpg",
        "file_size": 2048000,
        "file_type": "image/jpeg",
        "caption": "Beautiful island scenery and marine life",
        "photo_latitude": 34.2667,
        "photo_longitude": -119.2833,
        "taken_at": "2025-03-18T11:00:00-08:00",
        "is_public": true
    },
    "created_at": "2025-03-18T13:00:00-08:00"
}