{
    "experience_id": "e154",
    "user_id": "u66",
    "trip_id": "t35",
    "experience_type": "outdoor",
    "experience_name": "Griffith Park Hike and Observatory Visit",
    "rating": 4.5,
    "review": "A great place for hiking and enjoying the city views. The observatory is a must-visit for stargazing.",
    "price": 0,
    "currency": "USD",
    "experience_date": "2025-03-16",
    "details": {
        "duration": "4 hours",
        "crowd_level": "high"
    },
    "place": {
        "place_name": "Griffith Park",
        "address": "4730 Crystal Springs Dr, Los Angeles, CA 90027, USA",
        "latitude": 34.1167,
        "longitude": -118.3,
        "country": "USA",
        "city": "Los Angeles",
        "category": "urban_park",
        "accessibility": "easy"
    },
    "photo": {
        "file_name": "griffith_park.jpg",
        "file_path": "/uploads/u789012/griffith_park.jpg",
        "file_size": 2048000,
        "file_type": "image/jpeg",
        "caption": "Hollywood Sign and Observatory views",
        "photo_latitude": 34.1167,
        "photo_longitude": -118.3,
        "taken_at": "2025-03-16T10:00:00-08:00",
        "is_public": true
    },
    "created_at": "2025-03-16T12:00:00-08:00"
}