{
    "experience_id": "e159",
    "user_id": "u19",
    "trip_id": "t36",
    "experience_type": "outdoor",
    "experience_name": "Griffith Park Visit",
    "rating": 4.5,
    "review": "그리피스 공원에서 할리우드 간판과 천문대를 방문하며 아름다운 하이킹 트레일을 즐기고, 퓨마와 동물원을 탐험할 수 있었어요.",
    "price": 0,
    "currency": "USD",
    "experience_date": "2025-03-18",
    "details": {
        "duration": "6 hours",
        "crowd_level": "high"
    },
    "place": {
        "place_name": "Griffith Park",
        "address": "4730 Crystal Springs Dr, Los Angeles, CA 90027, USA",
        "latitude": 34.1367,
        "longitude": -118.2967,
        "country": "USA",
        "city": "Los Angeles",
        "category": "urban_park",
        "accessibility": "easy"
    },
    "photo": {
        "file_name": "griffith_park.jpg",
        "file_path": "/uploads/u789012/griffith_park.jpg",
        "file_size": 2048000,
        "file_type": "image/jpeg",
        "caption": "할리우드 간판과 그리피스 공원 천문대",
        "photo_latitude": 34.1367,
        "photo_longitude": -118.2967,
        "taken_at": "2025-03-18T11:00:00-08:00",
        "is_public": true
    },
    "created_at": "2025-03-18T13:00:00-08:00"
}