{
    "experience_id": "e162",
    "user_id": "u72",
    "trip_id": "t37",
    "experience_type": "outdoor",
    "experience_name": "Channel Islands National Park Visit",
    "rating": 5.0,
    "review": "Amazing island trails, kayaking, and whale watching. Saw dolphins and sea lions during the cruise.",
    "price": 100,
    "currency": "USD",
    "experience_date": "2025-03-17",
    "details": {
        "duration": "full day",
        "crowd_level": "low"
    },
    "place": {
        "place_name": "Channel Islands National Park",
        "address": "1901 Spinnaker Dr, Ventura, CA 93001, USA",
        "latitude": 34.2673,
        "longitude": -119.2773,
        "country": "USA",
        "city": "Ventura",
        "category": "national_park",
        "accessibility": "moderate"
    },
    "photo": {
        "file_name": "channel_islands_national_park.jpg",
        "file_path": "/uploads/u789012/channel_islands_national_park.jpg",
        "file_size": 2048000,
        "file_type": "image/jpeg",
        "caption": "Scorpion Anchorage and Smugglers Cove",
        "photo_latitude": 34.2673,
        "photo_longitude": -119.2773,
        "taken_at": "2025-03-17T12:00:00-08:00",
        "is_public": true
    },
    "created_at": "2025-03-17T18:00:00-08:00"
}