{
    "experience_id": "e165",
    "user_id": "u72",
    "trip_id": "t37",
    "experience_type": "theme_park",
    "experience_name": "Gilroy Gardens Visit",
    "rating": 4.5,
    "review": "Unique and fun theme park with creatively shaped trees and various rides. Great for families.",
    "price": 50,
    "currency": "USD",
    "experience_date": "2025-03-20",
    "details": {
        "duration": "full day",
        "crowd_level": "moderate"
    },
    "place": {
        "place_name": "Gilroy Gardens",
        "address": "3050 Hecker Pass Hwy, Gilroy, CA 95020, USA",
        "latitude": 37.0053,
        "longitude": -121.5679,
        "country": "USA",
        "city": "Gilroy",
        "category": "theme_park",
        "accessibility": "easy"
    },
    "photo": {
        "file_name": "gilroy_gardens.jpg",
        "file_path": "/uploads/u789012/gilroy_gardens.jpg",
        "file_size": 2048000,
        "file_type": "image/jpeg",
        "caption": "Creatively shaped trees and rides",
        "photo_latitude": 37.0053,
        "photo_longitude": -121.5679,
        "taken_at": "2025-03-20T12:00:00-08:00",
        "is_public": true
    },
    "created_at": "2025-03-20T18:00:00-08:00"
}