{
    "experience_id": "e173",
    "user_id": "u25",
    "trip_id": "t39",
    "experience_type": "outdoor",
    "experience_name": "Griffith Park Visit",
    "rating": 4.5,
    "review": "Hiked to the Griffith Observatory and enjoyed the views of LA. The park has many trails and is great for biking and horseback riding.",
    "price": 0,
    "currency": "USD",
    "experience_date": "2025-03-18",
    "details": {
        "duration": "half day",
        "crowd_level": "high"
    },
    "place": {
        "place_name": "Griffith Park",
        "address": "4730 Crystal Springs Dr, Los Angeles, CA 90027, USA",
        "latitude": 34.1333,
        "longitude": -118.2833,
        "country": "USA",
        "city": "Los Angeles",
        "category": "urban_park",
        "accessibility": "easy"
    },
    "photo": {
        "file_name": "griffith_park.jpg",
        "file_path": "/uploads/u789012/griffith_park.jpg",
        "file_size": 2048000,
        "file_type": "image/jpeg",
        "caption": "Hollywood Sign and Griffith Observatory",
        "photo_latitude": 34.1333,
        "photo_longitude": -118.2833,
        "taken_at": "2025-03-18T10:30:00-08:00",
        "is_public": true
    },
    "created_at": "2025-03-18T12:00:00-08:00"
}