{
    "experience_id": "e174",
    "user_id": "u25",
    "trip_id": "t39",
    "experience_type": "outdoor",
    "experience_name": "Yosemite National Park Visit",
    "rating": 5.0,
    "review": "Breathtaking scenery with giant sequoias and granite cliffs. Hiked to Yosemite Valley and enjoyed the waterfalls.",
    "price": 35,
    "currency": "USD",
    "experience_date": "2025-03-19",
    "details": {
        "duration": "full day",
        "crowd_level": "high"
    },
    "place": {
        "place_name": "Yosemite National Park",
        "address": "9039 Village Dr, Yosemite National Park, CA 95389, USA",
        "latitude": 37.7333,
        "longitude": -119.5667,
        "country": "USA",
        "city": "Yosemite National Park",
        "category": "national_park",
        "accessibility": "moderate"
    },
    "photo": {
        "file_name": "yosemite_national_park.jpg",
        "file_path": "/uploads/u789012/yosemite_national_park.jpg",
        "file_size": 2048000,
        "file_type": "image/jpeg",
        "caption": "Half Dome and Yosemite Valley",
        "photo_latitude": 37.7333,
        "photo_longitude": -119.5667,
        "taken_at": "2025-03-19T12:00:00-08:00",
        "is_public": true
    },
    "created_at": "2025-03-19T18:00:00-08:00"
}