{
    "experience_id": "e178",
    "user_id": "u88",
    "trip_id": "t40",
    "experience_type": "tourism",
    "experience_name": "그리피스 공원 방문",
    "rating": 4.5,
    "review": "로스앤젤레스의 그리피스 공원은 하이킹, 자전거 타기, 승마 등 다양한 활동을 즐길 수 있는 곳입니다. 할리우드 간판과 천문대는必見입니다.",
    "price": 0,
    "currency": "USD",
    "experience_date": "2025-03-18",
    "details": {
        "duration": "6 hours",
        "crowd_level": "high"
    },
    "place": {
        "place_name": "그리피스 공원",
        "address": "4730 Crystal Springs Dr, Los Angeles, CA 90027, USA",
        "latitude": 34.1364,
        "longitude": -118.3003,
        "country": "USA",
        "city": "Los Angeles",
        "category": "park",
        "accessibility": "easy"
    },
    "photo": {
        "file_name": "griffith_park.jpg",
        "file_path": "/uploads/u789012/griffith_park.jpg",
        "file_size": 2048000,
        "file_type": "image/jpeg",
        "caption": "할리우드 간판",
        "photo_latitude": 34.1364,
        "photo_longitude": -118.3003,
        "taken_at": "2025-03-18T10:30:00-08:00",
        "is_public": true
    },
    "created_at": "2025-03-18T16:30:00-08:00"
}