{
    "experience_id": "e179",
    "user_id": "u88",
    "trip_id": "t40",
    "experience_type": "tourism",
    "experience_name": "요세미티 국립공원 방문",
    "rating": 5.0,
    "review": "요세미티 국립공원은 자연의 아름다움을 가득 담고 있는 곳입니다. 마리포사 그로브의 거대 sequoia 나무들과 화이트워터 라فت링은 잊지 못할 경험이었습니다.",
    "price": 30,
    "currency": "USD",
    "experience_date": "2025-03-20",
    "details": {
        "duration": "12 hours",
        "crowd_level": "high"
    },
    "place": {
        "place_name": "요세미티 국립공원",
        "address": "9039 Village Dr, Yosemite National Park, CA 95389, USA",
        "latitude": 37.7489,
        "longitude": -119.5883,
        "country": "USA",
        "city": "Yosemite National Park",
        "category": "national_park",
        "accessibility": "moderate"
    },
    "photo": {
        "file_name": "yosemite_national_park.jpg",
        "file_path": "/uploads/u789012/yosemite_national_park.jpg",
        "file_size": 2048000,
        "file_type": "image/jpeg",
        "caption": "엘 카피탄",
        "photo_latitude": 37.7489,
        "photo_longitude": -119.5883,
        "taken_at": "2025-03-20T12:00:00-08:00",
        "is_public": true
    },
    "created_at": "2025-03-20T18:00:00-08:00"
}