{
    "experience_id": "e181",
    "user_id": "u76",
    "trip_id": "t41",
    "experience_type": "outdoor",
    "experience_name": "Channel Islands National Park Visit",
    "rating": 4.8,
    "review": "A beautiful island with great hiking trails and stunning coastal views. Saw dolphins and sea lions on the way.",
    "price": 50,
    "currency": "USD",
    "experience_date": "2025-03-17",
    "details": {
        "duration": "10 hours",
        "crowd_level": "low"
    },
    "place": {
        "place_name": "Channel Islands National Park",
        "address": "1901 Spinnaker Dr, Ventura, CA 93001, USA",
        "latitude": 34.2573,
        "longitude": -119.2333,
        "country": "USA",
        "city": "Ventura",
        "category": "national_park",
        "accessibility": "moderate"
    },
    "photo": {
        "file_name": "channel_islands_park.jpg",
        "file_path": "/uploads/u789012/channel_islands_park.jpg",
        "file_size": 2048000,
        "file_type": "image/jpeg",
        "caption": "Stunning coastal views and marine life",
        "photo_latitude": 34.2573,
        "photo_longitude": -119.2333,
        "taken_at": "2025-03-17T14:00:00-08:00",
        "is_public": true
    },
    "created_at": "2025-03-17T18:30:00-08:00"
}