{
    "experience_id": "e19",
    "user_id": "u36",
    "trip_id": "t5",
    "experience_type": "tourism",
    "experience_name": "Joshua Tree National Park Visit",
    "rating": 5.0,
    "review": "An incredible experience with stunning landscapes and unique rock formations. Perfect for hiking, camping, and rock climbing.",
    "price": 0,
    "currency": "USD",
    "experience_date": "2025-03-16",
    "details": {
        "duration": "8 hours",
        "crowd_level": "moderate"
    },
    "place": {
        "place_name": "Joshua Tree National Park",
        "address": "6554 Park Blvd, Joshua Tree, CA 92252, USA",
        "latitude": 34.0833,
        "longitude": -116.0333,
        "country": "USA",
        "city": "Joshua Tree",
        "category": "national_park",
        "accessibility": "easy"
    },
    "photo": {
        "file_name": "joshua_tree_park.jpg",
        "file_path": "/uploads/u789012/joshua_tree_park.jpg",
        "file_size": 2048000,
        "file_type": "image/jpeg",
        "caption": "Unique Joshua Trees and rock formations",
        "photo_latitude": 34.0833,
        "photo_longitude": -116.0333,
        "taken_at": "2025-03-16T12:00:00-08:00",
        "is_public": true
    },
    "created_at": "2025-03-16T18:00:00-08:00"
}