{
    "experience_id": "e197",
    "user_id": "u82",
    "trip_id": "t44",
    "experience_type": "tourism",
    "experience_name": "Griffith Park Visit",
    "rating": 4.5,
    "review": "A great urban park with many hiking trails, the famous Hollywood sign, and a beautiful observatory.",
    "price": 0,
    "currency": "USD",
    "experience_date": "2025-03-18",
    "details": {
        "duration": "6 hours",
        "crowd_level": "high"
    },
    "place": {
        "place_name": "Griffith Park",
        "address": "4730 Crystal Springs Dr, Los Angeles, CA 90027, USA",
        "latitude": 34.1333,
        "longitude": -118.2833,
        "country": "USA",
        "city": "Los Angeles",
        "category": "urban_park",
        "accessibility": "easy"
    },
    "photo": {
        "file_name": "griffith_park.jpg",
        "file_path": "/uploads/u789012/griffith_park.jpg",
        "file_size": 2048000,
        "file_type": "image/jpeg",
        "caption": "Hollywood Sign from Griffith Park",
        "photo_latitude": 34.1333,
        "photo_longitude": -118.2833,
        "taken_at": "2025-03-18T12:30:00-08:00",
        "is_public": true
    },
    "created_at": "2025-03-18T18:45:00-08:00"
}