{
    "experience_id": "e201",
    "user_id": "u26",
    "trip_id": "t45",
    "experience_type": "outdoor",
    "experience_name": "Channel Islands National Park Visit",
    "rating": 4.8,
    "review": "A wonderful island experience with great hiking trails and wildlife viewing. Don't miss the Scorpion Anchorage.",
    "price": 0,
    "currency": "USD",
    "experience_date": "2025-03-17",
    "details": {
        "duration": "8 hours",
        "crowd_level": "low"
    },
    "place": {
        "place_name": "Channel Islands National Park",
        "address": "1901 Spinnaker Dr, Ventura, CA 93001, USA",
        "latitude": 34.1667,
        "longitude": -119.2333,
        "country": "USA",
        "city": "Ventura",
        "category": "national_park",
        "accessibility": "moderate"
    },
    "photo": {
        "file_name": "channel_islands_np.jpg",
        "file_path": "/uploads/u789012/channel_islands_np.jpg",
        "file_size": 2048000,
        "file_type": "image/jpeg",
        "caption": "Scorpion Anchorage at Santa Cruz Island",
        "photo_latitude": 34.1667,
        "photo_longitude": -119.2333,
        "taken_at": "2025-03-17T12:00:00-08:00",
        "is_public": true
    },
    "created_at": "2025-03-17T13:00:00-08:00"
}