{
    "experience_id": "e206",
    "user_id": "u28",
    "trip_id": "t46",
    "experience_type": "outdoor",
    "experience_name": "Channel Islands National Park Visit",
    "rating": 4.8,
    "review": "A great experience with beautiful island trails and marine life. Enjoyed kayaking and whale watching.",
    "price": 50,
    "currency": "USD",
    "experience_date": "2025-03-17",
    "details": {
        "duration": "full day",
        "crowd_level": "low"
    },
    "place": {
        "place_name": "Channel Islands National Park",
        "address": "1901 Spinnaker Dr, Ventura, CA 93001, USA",
        "latitude": 34.1667,
        "longitude": -119.2333,
        "country": "USA",
        "city": "Ventura",
        "category": "national_park",
        "accessibility": "moderate"
    },
    "photo": {
        "file_name": "channel_islands_national_park.jpg",
        "file_path": "/uploads/u789012/channel_islands_national_park.jpg",
        "file_size": 2048000,
        "file_type": "image/jpeg",
        "caption": "Beautiful island trails and marine life",
        "photo_latitude": 34.1667,
        "photo_longitude": -119.2333,
        "taken_at": "2025-03-17T12:00:00-08:00",
        "is_public": true
    },
    "created_at": "2025-03-17T18:00:00-08:00"
}