{
    "experience_id": "e210",
    "user_id": "u83",
    "trip_id": "t47",
    "experience_type": "outdoor",
    "experience_name": "Joshua Tree National Park Visit",
    "rating": 5.0,
    "review": "조슈아 트리 국립공원에서 가족과 함께 하이킹과 캠핑을 즐겼습니다. 모하비와 콜로라도 사막의 경관이 정말 인상적이었습니다.",
    "price": 0,
    "currency": "USD",
    "experience_date": "2025-03-16",
    "details": {
        "duration": "8 hours",
        "crowd_level": "moderate"
    },
    "place": {
        "place_name": "Joshua Tree National Park",
        "address": "6554 Park Blvd, Joshua Tree, CA 92252, USA",
        "latitude": 33.7489,
        "longitude": -115.9011,
        "country": "USA",
        "city": "Joshua Tree",
        "category": "national_park",
        "accessibility": "easy"
    },
    "photo": {
        "file_name": "joshua_tree_national_park.jpg",
        "file_path": "/uploads/u789012/joshua_tree_national_park.jpg",
        "file_size": 2048000,
        "file_type": "image/jpeg",
        "caption": "조슈아 트리 국립공원의 일몰",
        "photo_latitude": 33.7489,
        "photo_longitude": -115.9011,
        "taken_at": "2025-03-16T17:00:00-08:00",
        "is_public": true
    },
    "created_at": "2025-03-16T18:00:00-08:00"
}