{
    "experience_id": "e267",
    "user_id": "u40",
    "trip_id": "t59",
    "experience_type": "beach",
    "experience_name": "El Matador State Beach Visit",
    "rating": 4.6,
    "review": "A scenic beach with unique rock formations and tide pools, perfect for a family day out.",
    "price": 0,
    "currency": "USD",
    "experience_date": "2025-03-19",
    "details": {
        "duration": "5 hours",
        "crowd_level": "moderate"
    },
    "place": {
        "place_name": "El Matador State Beach",
        "address": "32215 Pacific Coast Hwy, Malibu, CA 90265, USA",
        "latitude": 34.0333,
        "longitude": -118.9667,
        "country": "USA",
        "city": "Malibu",
        "category": "state_beach",
        "accessibility": "easy"
    },
    "photo": {
        "file_name": "el_matador_state_beach.jpg",
        "file_path": "/uploads/u789012/el_matador_state_beach.jpg",
        "file_size": 2048000,
        "file_type": "image/jpeg",
        "caption": "Rock formations at El Matador State Beach",
        "photo_latitude": 34.0333,
        "photo_longitude": -118.9667,
        "taken_at": "2025-03-19T11:30:00-08:00",
        "is_public": true
    },
    "created_at": "2025-03-19T13:30:00-08:00"
}