{
    "experience_id": "e28",
    "user_id": "u118",
    "trip_id": "t7",
    "experience_type": "tourism",
    "experience_name": "Joshua Tree National Park Visit",
    "rating": 5.0,
    "review": "An amazing experience hiking and camping in the unique landscape of Joshua Tree. The sunset was breathtaking.",
    "price": 0,
    "currency": "USD",
    "experience_date": "2025-03-17",
    "details": {
        "duration": "8 hours",
        "crowd_level": "moderate"
    },
    "place": {
        "place_name": "Joshua Tree National Park",
        "address": "6554 Park Blvd, Joshua Tree, CA 92252, USA",
        "latitude": 33.7489,
        "longitude": -115.9018,
        "country": "USA",
        "city": "Joshua Tree",
        "category": "national_park",
        "accessibility": "moderate"
    },
    "photo": {
        "file_name": "joshua_tree_sunset.jpg",
        "file_path": "/uploads/u789012/joshua_tree_sunset.jpg",
        "file_size": 2048000,
        "file_type": "image/jpeg",
        "caption": "Sunset at Joshua Tree National Park",
        "photo_latitude": 33.7489,
        "photo_longitude": -115.9018,
        "taken_at": "2025-03-17T17:30:00-08:00",
        "is_public": true
    },
    "created_at": "2025-03-17T18:00:00-08:00"
}