{
    "experience_id": "e289",
    "user_id": "u99",
    "trip_id": "t64",
    "experience_type": "tourism",
    "experience_name": "Yosemite National Park Visit",
    "rating": 5.0,
    "review": "A UNESCO World Heritage site with breathtaking natural beauty, including waterfalls, giant sequoias, and granite cliffs.",
    "price": 35,
    "currency": "USD",
    "experience_date": "2025-03-19",
    "details": {
        "duration": "10 hours",
        "crowd_level": "high"
    },
    "place": {
        "place_name": "Yosemite National Park",
        "address": "9039 Village Dr, Yosemite National Park, CA 95389, USA",
        "latitude": 37.7333,
        "longitude": -119.5667,
        "country": "USA",
        "city": "Yosemite National Park",
        "category": "national_park",
        "accessibility": "moderate"
    },
    "photo": {
        "file_name": "yosemite_national_park.jpg",
        "file_path": "/uploads/u789012/yosemite_national_park.jpg",
        "file_size": 2048000,
        "file_type": "image/jpeg",
        "caption": "Half Dome and El Capitan views",
        "photo_latitude": 37.7333,
        "photo_longitude": -119.5667,
        "taken_at": "2025-03-19T14:30:00-08:00",
        "is_public": true
    },
    "created_at": "2025-03-19T19:00:00-08:00"
}