{
    "experience_id": "e29",
    "user_id": "u118",
    "trip_id": "t7",
    "experience_type": "tourism",
    "experience_name": "Channel Islands National Park Visit",
    "rating": 4.8,
    "review": "Enjoyed hiking and kayaking on Santa Cruz Island. Saw dolphins and sea lions during the boat ride.",
    "price": 50,
    "currency": "USD",
    "experience_date": "2025-03-18",
    "details": {
        "duration": "10 hours",
        "crowd_level": "low"
    },
    "place": {
        "place_name": "Channel Islands National Park",
        "address": "1901 Spinnaker Dr, Ventura, CA 93001, USA",
        "latitude": 34.2689,
        "longitude": -119.2243,
        "country": "USA",
        "city": "Ventura",
        "category": "national_park",
        "accessibility": "moderate"
    },
    "photo": {
        "file_name": "santa_cruz_island.jpg",
        "file_path": "/uploads/u789012/santa_cruz_island.jpg",
        "file_size": 2048000,
        "file_type": "image/jpeg",
        "caption": "Scorpion Anchorage on Santa Cruz Island",
        "photo_latitude": 34.0483,
        "photo_longitude": -119.4367,
        "taken_at": "2025-03-18T12:00:00-08:00",
        "is_public": true
    },
    "created_at": "2025-03-18T13:00:00-08:00"
}