{
    "experience_id": "e314",
    "user_id": "u71",
    "trip_id": "t69",
    "experience_type": "outdoor",
    "experience_name": "Yosemite National Park Visit",
    "rating": 5.0,
    "review": "요세미티 국립공원은 캘리포니아주의 대표적인 국립공원으로, 장엄한 경관과 다양한 액티비티를 즐길 수 있는 곳입니다.",
    "price": 0,
    "currency": "USD",
    "experience_date": "2025-03-19",
    "details": {
        "duration": "full day",
        "crowd_level": "high"
    },
    "place": {
        "place_name": "Yosemite National Park",
        "address": "9039 Village Dr, Yosemite National Park, CA 95389, USA",
        "latitude": 37.7489,
        "longitude": -119.5883,
        "country": "USA",
        "city": "Yosemite National Park",
        "category": "national_park",
        "accessibility": "moderate"
    },
    "photo": {
        "file_name": "yosemite_national_park.jpg",
        "file_path": "/uploads/u789012/yosemite_national_park.jpg",
        "file_size": 2048000,
        "file_type": "image/jpeg",
        "caption": "요세미티 국립공원의 엘 캐피탄",
        "photo_latitude": 37.7489,
        "photo_longitude": -119.5883,
        "taken_at": "2025-03-19T12:00:00-08:00",
        "is_public": true
    },
    "created_at": "2025-03-19T13:00:00-08:00"
}