{
    "experience_id": "e318",
    "user_id": "u98",
    "trip_id": "t70",
    "experience_type": "tourism",
    "experience_name": "Yosemite National Park Visit",
    "rating": 5.0,
    "review": "Breathtaking scenery and fantastic hiking trails. A must-visit for nature lovers.",
    "price": 35,
    "currency": "USD",
    "experience_date": "2025-03-19",
    "details": {
        "duration": "12 hours",
        "crowd_level": "high"
    },
    "place": {
        "place_name": "Yosemite National Park",
        "address": "9039 Village Dr, Yosemite National Park, CA 95389, USA",
        "latitude": 37.7333,
        "longitude": -119.5667,
        "country": "USA",
        "city": "Yosemite National Park",
        "category": "national_park",
        "accessibility": "moderate"
    },
    "photo": {
        "file_name": "yosemite_np.jpg",
        "file_path": "/uploads/u789012/yosemite_np.jpg",
        "file_size": 2048000,
        "file_type": "image/jpeg",
        "caption": "Half Dome at Yosemite National Park",
        "photo_latitude": 37.7333,
        "photo_longitude": -119.5667,
        "taken_at": "2025-03-19T16:00:00-08:00",
        "is_public": true
    },
    "created_at": "2025-03-19T17:00:00-08:00"
}