{
    "experience_id": "e32",
    "user_id": "u118",
    "trip_id": "t7",
    "experience_type": "tourism",
    "experience_name": "Gilroy Gardens Visit",
    "rating": 4.2,
    "review": "Enjoyed the unique tree sculptures and family-friendly rides. Great place for kids.",
    "price": 40,
    "currency": "USD",
    "experience_date": "2025-03-21",
    "details": {
        "duration": "8 hours",
        "crowd_level": "moderate"
    },
    "place": {
        "place_name": "Gilroy Gardens",
        "address": "3050 Hecker Pass Hwy, Gilroy, CA 95020, USA",
        "latitude": 37.0078,
        "longitude": -121.5733,
        "country": "USA",
        "city": "Gilroy",
        "category": "theme_park",
        "accessibility": "easy"
    },
    "photo": {
        "file_name": "gilroy_gardens_tree.jpg",
        "file_path": "/uploads/u789012/gilroy_gardens_tree.jpg",
        "file_size": 2048000,
        "file_type": "image/jpeg",
        "caption": "Unique tree sculpture at Gilroy Gardens",
        "photo_latitude": 37.0078,
        "photo_longitude": -121.5733,
        "taken_at": "2025-03-21T12:00:00-08:00",
        "is_public": true
    },
    "created_at": "2025-03-21T13:00:00-08:00"
}