{
    "experience_id": "e338",
    "user_id": "u110",
    "trip_id": "t75",
    "experience_type": "tourism",
    "experience_name": "Joshua Tree National Park Visit",
    "rating": 4.8,
    "review": "조슈아 트리 국립공원에서 하이킹과 캠핑을 즐기며, 독특한 조슈아 트리와 사막의 아름다운 경관을 감상할 수 있었다.",
    "price": 0,
    "currency": "USD",
    "experience_date": "2025-03-17",
    "details": {
        "duration": "8 hours",
        "crowd_level": "moderate"
    },
    "place": {
        "place_name": "Joshua Tree National Park",
        "address": "6554 Park Blvd, Joshua Tree, CA 92252, USA",
        "latitude": 33.7853,
        "longitude": -115.9017,
        "country": "USA",
        "city": "Joshua Tree",
        "category": "national_park",
        "accessibility": "easy"
    },
    "photo": {
        "file_name": "joshua_tree_national_park.jpg",
        "file_path": "/uploads/u789012/joshua_tree_national_park.jpg",
        "file_size": 2048000,
        "file_type": "image/jpeg",
        "caption": "조슈아 트리 국립공원의 일몰",
        "photo_latitude": 33.7853,
        "photo_longitude": -115.9017,
        "taken_at": "2025-03-17T17:00:00-08:00",
        "is_public": true
    },
    "created_at": "2025-03-18T10:00:00+09:00"
}