{
    "experience_id": "e339",
    "user_id": "u110",
    "trip_id": "t75",
    "experience_type": "tourism",
    "experience_name": "Channel Islands National Park Visit",
    "rating": 4.9,
    "review": "채널제도 국립공원에서 하이킹과 고래 관광을 즐기며, 아름다운 섬의 경관을 감상할 수 있었다.",
    "price": 0,
    "currency": "USD",
    "experience_date": "2025-03-18",
    "details": {
        "duration": "10 hours",
        "crowd_level": "low"
    },
    "place": {
        "place_name": "Channel Islands National Park",
        "address": "1901 Spinnaker Dr, Ventura, CA 93001, USA",
        "latitude": 34.2639,
        "longitude": -119.2833,
        "country": "USA",
        "city": "Ventura",
        "category": "national_park",
        "accessibility": "moderate"
    },
    "photo": {
        "file_name": "channel_islands_national_park.jpg",
        "file_path": "/uploads/u789012/channel_islands_national_park.jpg",
        "file_size": 2048000,
        "file_type": "image/jpeg",
        "caption": "산타크루즈 섬의 스머글러스 코브",
        "photo_latitude": 34.2639,
        "photo_longitude": -119.2833,
        "taken_at": "2025-03-18T12:00:00-08:00",
        "is_public": true
    },
    "created_at": "2025-03-19T10:00:00+09:00"
}