{
    "experience_id": "e342",
    "user_id": "u89",
    "trip_id": "t76",
    "experience_type": "tourism",
    "experience_name": "Joshua Tree National Park Visit",
    "rating": 5.0,
    "review": "조슈아 트리 국립공원은 모하비와 콜로라도 사막이 만나며 초현실적인 아름다운 경관을 제공합니다. 하이킹, 캠핑, 등반, 야생동물 관찰 등 다양한 활동을 즐길 수 있습니다.",
    "price": 0,
    "currency": "USD",
    "experience_date": "2025-03-16",
    "details": {
        "duration": "8 hours",
        "crowd_level": "moderate"
    },
    "place": {
        "place_name": "Joshua Tree National Park",
        "address": "6554 Park Blvd, Joshua Tree, CA 92252, USA",
        "latitude": 34.0903,
        "longitude": -116.0447,
        "country": "USA",
        "city": "Joshua Tree",
        "category": "national_park",
        "accessibility": "easy"
    },
    "photo": {
        "file_name": "joshua_tree_national_park.jpg",
        "file_path": "/uploads/u789012/joshua_tree_national_park.jpg",
        "file_size": 2048000,
        "file_type": "image/jpeg",
        "caption": "조슈아 트리 국립공원의 독특한 나무들",
        "photo_latitude": 34.0903,
        "photo_longitude": -116.0447,
        "taken_at": "2025-03-16T12:00:00-08:00",
        "is_public": true
    },
    "created_at": "2025-03-16T18:00:00-08:00"
}