{
    "experience_id": "e348",
    "user_id": "u74",
    "trip_id": "t77",
    "experience_type": "outdoor",
    "experience_name": "Griffith Park Hike",
    "rating": 4.5,
    "review": "A great hike with amazing views of Los Angeles and the Hollywood sign.",
    "price": 0,
    "currency": "USD",
    "experience_date": "2025-03-18",
    "details": {
        "duration": "4 hours",
        "crowd_level": "high"
    },
    "place": {
        "place_name": "Griffith Park",
        "address": "4730 Crystal Springs Dr, Los Angeles, CA 90027, USA",
        "latitude": 34.1333,
        "longitude": -118.3,
        "country": "USA",
        "city": "Los Angeles",
        "category": "city_park",
        "accessibility": "easy"
    },
    "photo": {
        "file_name": "griffith_park.jpg",
        "file_path": "/uploads/u789012/griffith_park.jpg",
        "file_size": 2048000,
        "file_type": "image/jpeg",
        "caption": "Hollywood sign view from Griffith Park",
        "photo_latitude": 34.1333,
        "photo_longitude": -118.3,
        "taken_at": "2025-03-18T10:30:00-08:00",
        "is_public": true
    },
    "created_at": "2025-03-18T14:30:00-08:00"
}