{
    "experience_id": "e35",
    "user_id": "u34",
    "trip_id": "t8",
    "experience_type": "tourism",
    "experience_name": "Griffith Park Visit",
    "rating": 4.7,
    "review": "Great hiking trails, beautiful views of LA, and the iconic Hollywood sign.",
    "price": 0,
    "currency": "USD",
    "experience_date": "2025-03-16",
    "details": {
        "duration": "6 hours",
        "crowd_level": "high"
    },
    "place": {
        "place_name": "Griffith Park",
        "address": "4730 Crystal Springs Dr, Los Angeles, CA 90027, USA",
        "latitude": 34.1367,
        "longitude": -118.3003,
        "country": "USA",
        "city": "Los Angeles",
        "category": "urban_park",
        "accessibility": "easy"
    },
    "photo": {
        "file_name": "griffith_park.jpg",
        "file_path": "/uploads/u789012/griffith_park.jpg",
        "file_size": 2048000,
        "file_type": "image/jpeg",
        "caption": "Hollywood sign and Griffith Observatory",
        "photo_latitude": 34.1367,
        "photo_longitude": -118.3003,
        "taken_at": "2025-03-16T10:30:00-08:00",
        "is_public": true
    },
    "created_at": "2025-03-16T17:00:00-08:00"
}