{
    "experience_id": "e355",
    "user_id": "u46",
    "trip_id": "t78",
    "experience_type": "tourism",
    "experience_name": "Gilroy Gardens Visit",
    "rating": 4.2,
    "review": "A fun day out with the family at this unique theme park. The grafted trees were amazing.",
    "price": 60,
    "currency": "USD",
    "experience_date": "2025-03-21",
    "details": {
        "duration": "8 hours",
        "crowd_level": "moderate"
    },
    "place": {
        "place_name": "Gilroy Gardens",
        "address": "3050 Hecker Pass Hwy, Gilroy, CA 95020, USA",
        "latitude": 37.0011,
        "longitude": -121.5667,
        "country": "USA",
        "city": "Gilroy",
        "category": "theme_park",
        "accessibility": "easy"
    },
    "photo": {
        "file_name": "gilroy_gardens.jpg",
        "file_path": "/uploads/u789012/gilroy_gardens.jpg",
        "file_size": 2048000,
        "file_type": "image/jpeg",
        "caption": "Grafted trees at Gilroy Gardens",
        "photo_latitude": 37.0011,
        "photo_longitude": -121.5667,
        "taken_at": "2025-03-21T12:00:00-08:00",
        "is_public": true
    },
    "created_at": "2025-03-21T18:00:00-08:00"
}