{
    "experience_id": "e359",
    "user_id": "u79",
    "trip_id": "t79",
    "experience_type": "outdoor",
    "experience_name": "Yosemite National Park Visit",
    "rating": 5.0,
    "review": "요세미티 국립공원에서 가족과 함께 하이킹과 자연을 즐겼습니다. 마리포사 그로브의 거대한 sequoia 나무들을 볼 수 있었습니다.",
    "price": 30,
    "currency": "USD",
    "experience_date": "2025-03-20",
    "details": {
        "duration": "full day",
        "crowd_level": "high"
    },
    "place": {
        "place_name": "Yosemite National Park",
        "address": "9039 Village Dr, Yosemite National Park, CA 95389, USA",
        "latitude": 37.7333,
        "longitude": -119.5667,
        "country": "USA",
        "city": "Yosemite National Park",
        "category": "national_park",
        "accessibility": "moderate"
    },
    "photo": {
        "file_name": "yosemite_national_park.jpg",
        "file_path": "/uploads/u789012/yosemite_national_park.jpg",
        "file_size": 2048000,
        "file_type": "image/jpeg",
        "caption": "요세미티 국립공원의 마리포사 그로브",
        "photo_latitude": 37.7333,
        "photo_longitude": -119.5667,
        "taken_at": "2025-03-20T12:00:00-08:00",
        "is_public": true
    },
    "created_at": "2025-03-20T18:00:00-08:00"
}