{
    "experience_id": "e362",
    "user_id": "u96",
    "trip_id": "t80",
    "experience_type": "tourism",
    "experience_name": "Griffith Park Visit",
    "rating": 4.5,
    "review": "그리피스 공원에서 할리우드 간판과 천문대를 방문했습니다. 가족과 함께 즐거운 시간을 보냈습니다.",
    "price": 0,
    "currency": "USD",
    "experience_date": "2025-03-16",
    "details": {
        "duration": "half day",
        "crowd_level": "high"
    },
    "place": {
        "place_name": "Griffith Park",
        "address": "4730 Crystal Springs Dr, Los Angeles, CA 90027, USA",
        "latitude": 34.1361,
        "longitude": -118.2963,
        "country": "USA",
        "city": "Los Angeles",
        "category": "urban_park",
        "accessibility": "easy"
    },
    "photo": {
        "file_name": "griffith_park.jpg",
        "file_path": "/uploads/u789012/griffith_park.jpg",
        "file_size": 2048000,
        "file_type": "image/jpeg",
        "caption": "그리피스 공원의 할리우드 간판",
        "photo_latitude": 34.1361,
        "photo_longitude": -118.2963,
        "taken_at": "2025-03-16T14:00:00-08:00",
        "is_public": true
    },
    "created_at": "2025-03-17T10:00:00-08:00"
}