{
    "experience_id": "e363",
    "user_id": "u96",
    "trip_id": "t80",
    "experience_type": "tourism",
    "experience_name": "Gilroy Gardens Visit",
    "rating": 4.2,
    "review": "길로이 가든에서 신기한 나무들과 다양한 놀이기구를 즐겼습니다. 가족과 함께 재미있는 시간을 보냈습니다.",
    "price": 50,
    "currency": "USD",
    "experience_date": "2025-03-20",
    "details": {
        "duration": "full day",
        "crowd_level": "moderate"
    },
    "place": {
        "place_name": "Gilroy Gardens",
        "address": "3050 Hecker Pass Hwy, Gilroy, CA 95020, USA",
        "latitude": 37.0064,
        "longitude": -121.5673,
        "country": "USA",
        "city": "Gilroy",
        "category": "theme_park",
        "accessibility": "easy"
    },
    "photo": {
        "file_name": "gilroy_gardens.jpg",
        "file_path": "/uploads/u789012/gilroy_gardens.jpg",
        "file_size": 2048000,
        "file_type": "image/jpeg",
        "caption": "길로이 가든의 신기한 나무들",
        "photo_latitude": 37.0064,
        "photo_longitude": -121.5673,
        "taken_at": "2025-03-20T12:00:00-08:00",
        "is_public": true
    },
    "created_at": "2025-03-21T10:00:00-08:00"
}