{
    "experience_id": "e4",
    "user_id": "u45",
    "trip_id": "t1",
    "experience_type": "tourism",
    "experience_name": "Yosemite National Park Visit",
    "rating": 5.0,
    "review": "요세미티 국립공원은 유네스코 세계문화유산으로, 아름다운 계곡과 폭포,巨木 등을 볼 수 있는 곳입니다. 마리포사 그로브의 거대 나무들은 특히 인상적입니다.",
    "price": 0,
    "currency": "USD",
    "experience_date": "2025-03-19",
    "details": {
        "duration": "10 hours",
        "crowd_level": "high"
    },
    "place": {
        "place_name": "Yosemite National Park",
        "address": "9039 Village Dr, Yosemite National Park, CA 95389, USA",
        "latitude": 37.7489,
        "longitude": -119.5883,
        "country": "USA",
        "city": "Yosemite National Park",
        "category": "national_park",
        "accessibility": "moderate"
    },
    "photo": {
        "file_name": "yosemite_park.jpg",
        "file_path": "/uploads/u789012/yosemite_park.jpg",
        "file_size": 2048000,
        "file_type": "image/jpeg",
        "caption": "요세미티 국립공원의 엘 카피탄",
        "photo_latitude": 37.7489,
        "photo_longitude": -119.5883,
        "taken_at": "2025-03-19T12:00:00-08:00",
        "is_public": true
    },
    "created_at": "2025-03-19T14:00:00-08:00"
}