{
    "experience_id": "e401",
    "user_id": "u48",
    "trip_id": "t89",
    "experience_type": "tourism",
    "experience_name": "Joshua Tree National Park Visit",
    "rating": 4.8,
    "review": "조슈아 트리 국립공원은 모하비와 콜로라도 사막이 만나는 곳으로, 하이킹과 캠핑을 즐길 수 있는 멋진 곳입니다.",
    "price": 0,
    "currency": "USD",
    "experience_date": "2025-03-16",
    "details": {
        "duration": "8 hours",
        "crowd_level": "moderate"
    },
    "place": {
        "place_name": "Joshua Tree National Park",
        "address": "6554 Park Blvd, Joshua Tree, CA 92252, USA",
        "latitude": 34.1367,
        "longitude": -116.2887,
        "country": "USA",
        "city": "Joshua Tree",
        "category": "national_park",
        "accessibility": "moderate"
    },
    "photo": {
        "file_name": "joshua_tree_national_park.jpg",
        "file_path": "/uploads/u789012/joshua_tree_national_park.jpg",
        "file_size": 2048000,
        "file_type": "image/jpeg",
        "caption": "조슈아 트리 국립공원의 조슈아 트리",
        "photo_latitude": 34.1367,
        "photo_longitude": -116.2887,
        "taken_at": "2025-03-16T12:00:00-08:00",
        "is_public": true
    },
    "created_at": "2025-03-16T18:00:00-08:00"
}