{
    "experience_id": "e446",
    "user_id": "u69",
    "trip_id": "t99",
    "experience_type": "tourism",
    "experience_name": "Joshua Tree National Park Visit",
    "rating": 5.0,
    "review": "An incredible experience with unique rock formations and Joshua Trees. Perfect for hiking and stargazing.",
    "price": 0,
    "currency": "USD",
    "experience_date": "2025-03-16",
    "details": {
        "duration": "8 hours",
        "crowd_level": "moderate"
    },
    "place": {
        "place_name": "Joshua Tree National Park",
        "address": "6554 Park Blvd, Joshua Tree, CA 92252, USA",
        "latitude": 33.8733,
        "longitude": -115.9011,
        "country": "USA",
        "city": "Joshua Tree",
        "category": "national_park",
        "accessibility": "easy"
    },
    "photo": {
        "file_name": "joshua_tree_np.jpg",
        "file_path": "/uploads/u789012/joshua_tree_np.jpg",
        "file_size": 2048000,
        "file_type": "image/jpeg",
        "caption": "Unique Joshua Trees at sunset",
        "photo_latitude": 33.8733,
        "photo_longitude": -115.9011,
        "taken_at": "2025-03-16T17:00:00-08:00",
        "is_public": true
    },
    "created_at": "2025-03-16T18:00:00-08:00"
}