{
    "experience_id": "e456",
    "user_id": "u1",
    "trip_id": "t101",
    "experience_type": "outdoor",
    "experience_name": "Channel Islands National Park Visit",
    "rating": 4.8,
    "review": "채널제도 국립공원에서 가족과 함께 카약과 고래 관광을 즐겼습니다. 바다사자와 돌고래를 볼 수 있던 경험이 인상적이었습니다.",
    "price": 50,
    "currency": "USD",
    "experience_date": "2025-03-17",
    "details": {
        "duration": "10 hours",
        "crowd_level": "low"
    },
    "place": {
        "place_name": "Channel Islands National Park",
        "address": "1901 Spinnaker Dr, Ventura, CA 93001, USA",
        "latitude": 34.2574,
        "longitude": -119.2293,
        "country": "USA",
        "city": "Ventura",
        "category": "national_park",
        "accessibility": "moderate"
    },
    "photo": {
        "file_name": "channel_islands_national_park.jpg",
        "file_path": "/uploads/u789012/channel_islands_national_park.jpg",
        "file_size": 2048000,
        "file_type": "image/jpeg",
        "caption": "산타크루즈 섬의 스콜피온 앵커리지",
        "photo_latitude": 34.2574,
        "photo_longitude": -119.2293,
        "taken_at": "2025-03-17T12:00:00-08:00",
        "is_public": true
    },
    "created_at": "2025-03-17T13:00:00-08:00"
}