{
    "experience_id": "e460",
    "user_id": "u29",
    "trip_id": "t102",
    "experience_type": "outdoor",
    "experience_name": "Channel Islands National Park Visit",
    "rating": 5.0,
    "review": "채널제도 국립공원은 로스앤젤레스에서 약 2시간 거리에 있으며, 하이킹, 캠핑, 카약, 고래 관광 등을 즐길 수 있는 곳입니다.",
    "price": 0,
    "currency": "USD",
    "experience_date": "2025-03-17",
    "details": {
        "duration": "10 hours",
        "crowd_level": "low"
    },
    "place": {
        "place_name": "Channel Islands National Park",
        "address": "1901 Spinnaker Dr, Ventura, CA 93001, USA",
        "latitude": 34.2667,
        "longitude": -119.2333,
        "country": "USA",
        "city": "Ventura",
        "category": "national_park",
        "accessibility": "moderate"
    },
    "photo": {
        "file_name": "channel_islands_np.jpg",
        "file_path": "/uploads/u789012/channel_islands_np.jpg",
        "file_size": 2048000,
        "file_type": "image/jpeg",
        "caption": "산타크루즈 섬의 스콜피온 앵커리지",
        "photo_latitude": 34.0667,
        "photo_longitude": -119.7333,
        "taken_at": "2025-03-17T12:00:00-08:00",
        "is_public": true
    },
    "created_at": "2025-03-17T14:00:00-08:00"
}