{
    "experience_id": "e470",
    "user_id": "u101",
    "trip_id": "t104",
    "experience_type": "outdoor",
    "experience_name": "Griffith Park Visit",
    "rating": 4.5,
    "review": "A great urban park with excellent hiking trails, a famous observatory, and the Hollywood sign.",
    "price": 0,
    "currency": "USD",
    "experience_date": "2025-03-16",
    "details": {
        "duration": "5 hours",
        "crowd_level": "high"
    },
    "place": {
        "place_name": "Griffith Park",
        "address": "4730 Crystal Springs Dr, Los Angeles, CA 90027, USA",
        "latitude": 34.1333,
        "longitude": -118.2833,
        "country": "USA",
        "city": "Los Angeles",
        "category": "urban_park",
        "accessibility": "easy"
    },
    "photo": {
        "file_name": "griffith_park.jpg",
        "file_path": "/uploads/u789012/griffith_park.jpg",
        "file_size": 2048000,
        "file_type": "image/jpeg",
        "caption": "Hollywood sign from Griffith Park",
        "photo_latitude": 34.1333,
        "photo_longitude": -118.2833,
        "taken_at": "2025-03-16T14:00:00-08:00",
        "is_public": true
    },
    "created_at": "2025-03-16T15:00:00-08:00"
}