{
    "experience_id": "e485",
    "user_id": "u4",
    "trip_id": "t107",
    "experience_type": "outdoor",
    "experience_name": "Yosemite National Park Visit",
    "rating": 5.0,
    "review": "요세미티 국립공원에서 하이킹과 자연의 아름다움을 감상했습니다. 마리포사 그로브의 거대 나무들이 정말 인상적이었습니다.",
    "price": 35,
    "currency": "USD",
    "experience_date": "2025-03-20",
    "details": {
        "duration": "10 hours",
        "crowd_level": "high"
    },
    "place": {
        "place_name": "Yosemite National Park",
        "address": "9039 Village Dr, Yosemite National Park, CA 95389, USA",
        "latitude": 37.7489,
        "longitude": -119.5883,
        "country": "USA",
        "city": "Yosemite National Park",
        "category": "national_park",
        "accessibility": "moderate"
    },
    "photo": {
        "file_name": "yosemite_national_park.jpg",
        "file_path": "/uploads/u789012/yosemite_national_park.jpg",
        "file_size": 2048000,
        "file_type": "image/jpeg",
        "caption": "마리포사 그로브",
        "photo_latitude": 37.7489,
        "photo_longitude": -119.5883,
        "taken_at": "2025-03-20T12:00:00-08:00",
        "is_public": true
    },
    "created_at": "2025-03-20T14:00:00-08:00"
}