{
    "experience_id": "e49",
    "user_id": "u109",
    "trip_id": "t11",
    "experience_type": "tourism",
    "experience_name": "Gilroy Gardens Visit",
    "rating": 4.2,
    "review": "길로이 가든은 가족 친화적인 테마파크로, 정교한 접붙이기를 통해 자라는 신기한 나무들을 볼 수 있습니다. 다양한 놀이기구와 자연친화적인 모험을 즐길 수 있습니다.",
    "price": 50,
    "currency": "USD",
    "experience_date": "2025-03-19",
    "details": {
        "duration": "full day",
        "crowd_level": "moderate"
    },
    "place": {
        "place_name": "Gilroy Gardens",
        "address": "3050 Hecker Pass Hwy, Gilroy, CA 95020, USA",
        "latitude": 37.0033,
        "longitude": -121.5783,
        "country": "USA",
        "city": "Gilroy",
        "category": "theme_park",
        "accessibility": "easy"
    },
    "photo": {
        "file_name": "gilroy_gardens.jpg",
        "file_path": "/uploads/u789012/gilroy_gardens.jpg",
        "file_size": 2048000,
        "file_type": "image/jpeg",
        "caption": "길로이 가든의 신기한 나무들",
        "photo_latitude": 37.0033,
        "photo_longitude": -121.5783,
        "taken_at": "2025-03-19T12:00:00-08:00",
        "is_public": true
    },
    "created_at": "2025-03-19T18:00:00-08:00"
}