{
    "experience_id": "e499",
    "user_id": "u113",
    "trip_id": "t110",
    "experience_type": "leisure",
    "experience_name": "Santa Cruz Beach Boardwalk Visit",
    "rating": 4.7,
    "review": "A classic seaside amusement park with a Giant Dipper roller coaster and beautiful beach views.",
    "price": 50,
    "currency": "USD",
    "experience_date": "2025-03-19",
    "details": {
        "duration": "8 hours",
        "crowd_level": "high"
    },
    "place": {
        "place_name": "Santa Cruz Beach Boardwalk",
        "address": "400 Beach St, Santa Cruz, CA 95060, USA",
        "latitude": 36.9667,
        "longitude": -122.0167,
        "country": "USA",
        "city": "Santa Cruz",
        "category": "amusement_park",
        "accessibility": "easy"
    },
    "photo": {
        "file_name": "santa_cruz_boardwalk.jpg",
        "file_path": "/uploads/u789012/santa_cruz_boardwalk.jpg",
        "file_size": 2048000,
        "file_type": "image/jpeg",
        "caption": "Giant Dipper roller coaster at Santa Cruz Beach Boardwalk",
        "photo_latitude": 36.9667,
        "photo_longitude": -122.0167,
        "taken_at": "2025-03-19T12:00:00-08:00",
        "is_public": true
    },
    "created_at": "2025-03-19T18:30:00-08:00"
}