{
    "experience_id": "e505",
    "user_id": "u100",
    "trip_id": "t111",
    "experience_type": "theme_park",
    "experience_name": "Gilroy Gardens Visit",
    "rating": 4.2,
    "review": "A family-friendly theme park with unique tree sculptures and various rides. Great for kids and nature lovers.",
    "price": 50,
    "currency": "USD",
    "experience_date": "2025-03-20",
    "details": {
        "duration": "full day",
        "crowd_level": "moderate"
    },
    "place": {
        "place_name": "Gilroy Gardens",
        "address": "3050 Hecker Pass Hwy, Gilroy, CA 95020, USA",
        "latitude": 37.0056,
        "longitude": -121.5522,
        "country": "USA",
        "city": "Gilroy",
        "category": "theme_park",
        "accessibility": "easy"
    },
    "photo": {
        "file_name": "gilroy_gardens.jpg",
        "file_path": "/uploads/u789012/gilroy_gardens.jpg",
        "file_size": 2048000,
        "file_type": "image/jpeg",
        "caption": "Unique tree sculptures at Gilroy Gardens",
        "photo_latitude": 37.0056,
        "photo_longitude": -121.5522,
        "taken_at": "2025-03-20T12:00:00-08:00",
        "is_public": true
    },
    "created_at": "2025-03-20T13:00:00-08:00"
}