{
    "experience_id": "e508",
    "user_id": "u2",
    "trip_id": "t112",
    "experience_type": "tourism",
    "experience_name": "Griffith Park Visit",
    "rating": 4.7,
    "review": "그리피스 공원은 할리우드 간판이 있는 곳으로, 하이킹, 자전거 타기, 승마 등을 즐길 수 있는 대규모 공원입니다.",
    "price": 0,
    "currency": "USD",
    "experience_date": "2025-03-18",
    "details": {
        "duration": "4 hours",
        "crowd_level": "high"
    },
    "place": {
        "place_name": "Griffith Park",
        "address": "4730 Crystal Springs Dr, Los Angeles, CA 90027, USA",
        "latitude": 34.1367,
        "longitude": -118.2944,
        "country": "USA",
        "city": "Los Angeles",
        "category": "urban_park",
        "accessibility": "easy"
    },
    "photo": {
        "file_name": "griffith_park.jpg",
        "file_path": "/uploads/u789012/griffith_park.jpg",
        "file_size": 2048000,
        "file_type": "image/jpeg",
        "caption": "그리피스 공원의 할리우드 간판",
        "photo_latitude": 34.1367,
        "photo_longitude": -118.2944,
        "taken_at": "2025-03-18T11:00:00-08:00",
        "is_public": true
    },
    "created_at": "2025-03-18T13:00:00-08:00"
}