{
    "experience_id": "e512",
    "user_id": "u22",
    "trip_id": "t113",
    "experience_type": "outdoor",
    "experience_name": "Griffith Park Hike and Observatory Visit",
    "rating": 4.5,
    "review": "Enjoyed a great hike and visited the observatory with a stunning view of LA.",
    "price": 0,
    "currency": "USD",
    "experience_date": "2025-03-19",
    "details": {
        "duration": "half day",
        "crowd_level": "high"
    },
    "place": {
        "place_name": "Griffith Park",
        "address": "4730 Crystal Springs Dr, Los Angeles, CA 90027, USA",
        "latitude": 34.1193,
        "longitude": -118.3003,
        "country": "USA",
        "city": "Los Angeles",
        "category": "urban_park",
        "accessibility": "easy"
    },
    "photo": {
        "file_name": "griffith_park.jpg",
        "file_path": "/uploads/u789012/griffith_park.jpg",
        "file_size": 2048000,
        "file_type": "image/jpeg",
        "caption": "Hollywood Sign from Griffith Park",
        "photo_latitude": 34.1193,
        "photo_longitude": -118.3003,
        "taken_at": "2025-03-19T10:00:00-08:00",
        "is_public": true
    },
    "created_at": "2025-03-19T11:00:00-08:00"
}