{
    "experience_id": "e519",
    "user_id": "u47",
    "trip_id": "t114",
    "experience_type": "tourism",
    "experience_name": "Point Arena-Stornetta Public Lands Visit",
    "rating": 4.8,
    "review": "A scenic coastal area with a historic lighthouse and great whale watching opportunities.",
    "price": 0,
    "currency": "USD",
    "experience_date": "2025-03-20",
    "details": {
        "duration": "6 hours",
        "crowd_level": "low"
    },
    "place": {
        "place_name": "Point Arena-Stornetta Public Lands",
        "address": "Point Arena, CA 95468, USA",
        "latitude": 38.9333,
        "longitude": -123.7333,
        "country": "USA",
        "city": "Point Arena",
        "category": "coastal_area",
        "accessibility": "moderate"
    },
    "photo": {
        "file_name": "point_arena_stornetta.jpg",
        "file_path": "/uploads/u789012/point_arena_stornetta.jpg",
        "file_size": 2048000,
        "file_type": "image/jpeg",
        "caption": "Historic lighthouse and coastal views",
        "photo_latitude": 38.9333,
        "photo_longitude": -123.7333,
        "taken_at": "2025-03-20T11:00:00-08:00",
        "is_public": true
    },
    "created_at": "2025-03-20T17:30:00-08:00"
}