{
    "experience_id": "e52",
    "user_id": "u16",
    "trip_id": "t12",
    "experience_type": "tourism",
    "experience_name": "Griffith Park Visit",
    "rating": 4.5,
    "review": "그리피스 공원은 로스앤젤레스에서 가장 큰 메트로폴리탄 공원입니다. 하이킹, 자전거 타기, 승마, 야생동물 관찰 등을 즐길 수 있습니다.",
    "price": 0,
    "currency": "USD",
    "experience_date": "2025-03-18",
    "details": {
        "duration": "4 hours",
        "crowd_level": "high"
    },
    "place": {
        "place_name": "Griffith Park",
        "address": "4730 Crystal Springs Dr, Los Angeles, CA 90027, USA",
        "latitude": 34.1333,
        "longitude": -118.2833,
        "country": "USA",
        "city": "Los Angeles",
        "category": "urban_park",
        "accessibility": "easy"
    },
    "photo": {
        "file_name": "griffith_park.jpg",
        "file_path": "/uploads/u789012/griffith_park.jpg",
        "file_size": 2048000,
        "file_type": "image/jpeg",
        "caption": "그리피스 공원의 할리우드 간판",
        "photo_latitude": 34.1333,
        "photo_longitude": -118.2833,
        "taken_at": "2025-03-18T10:00:00-08:00",
        "is_public": true
    },
    "created_at": "2025-03-18T12:00:00-08:00"
}