{
    "experience_id": "e524",
    "user_id": "u33",
    "trip_id": "t116",
    "experience_type": "tourism",
    "experience_name": "Joshua Tree National Park Visit",
    "rating": 5.0,
    "review": "조슈아 트리 국립공원에서 하이킹과 캠핑을 즐기며 사막의 아름다운 경관을 감상할 수 있었다.",
    "price": 0,
    "currency": "USD",
    "experience_date": "2025-03-16",
    "details": {
        "duration": "8 hours",
        "crowd_level": "moderate"
    },
    "place": {
        "place_name": "Joshua Tree National Park",
        "address": "6554 Park Blvd, Joshua Tree, CA 92252, USA",
        "latitude": 34.0833,
        "longitude": -116.0333,
        "country": "USA",
        "city": "Joshua Tree",
        "category": "national_park",
        "accessibility": "easy"
    },
    "photo": {
        "file_name": "joshua_tree.jpg",
        "file_path": "/uploads/u789012/joshua_tree.jpg",
        "file_size": 2048000,
        "file_type": "image/jpeg",
        "caption": "조슈아 트리 국립공원의 조슈아 트리",
        "photo_latitude": 34.0833,
        "photo_longitude": -116.0333,
        "taken_at": "2025-03-16T14:00:00-08:00",
        "is_public": true
    },
    "created_at": "2025-03-16T18:00:00-08:00"
}