{
    "experience_id": "e525",
    "user_id": "u33",
    "trip_id": "t116",
    "experience_type": "tourism",
    "experience_name": "Channel Islands National Park Visit",
    "rating": 4.8,
    "review": "채널제도 국립공원에서 고래 관광과 카약을 즐기며 바다사자와 돌고래를 볼 수 있었다.",
    "price": 100,
    "currency": "USD",
    "experience_date": "2025-03-17",
    "details": {
        "duration": "10 hours",
        "crowd_level": "low"
    },
    "place": {
        "place_name": "Channel Islands National Park",
        "address": "1901 Spinnaker Dr, Ventura, CA 93001, USA",
        "latitude": 34.2667,
        "longitude": -119.2333,
        "country": "USA",
        "city": "Ventura",
        "category": "national_park",
        "accessibility": "moderate"
    },
    "photo": {
        "file_name": "channel_islands.jpg",
        "file_path": "/uploads/u789012/channel_islands.jpg",
        "file_size": 2048000,
        "file_type": "image/jpeg",
        "caption": "채널제도 국립공원의 스콜피온 앵커리지",
        "photo_latitude": 34.0667,
        "photo_longitude": -119.4333,
        "taken_at": "2025-03-17T12:00:00-08:00",
        "is_public": true
    },
    "created_at": "2025-03-17T18:00:00-08:00"
}