{
    "experience_id": "e528",
    "user_id": "u27",
    "trip_id": "t117",
    "experience_type": "outdoor",
    "experience_name": "Joshua Tree National Park Visit",
    "rating": 4.8,
    "review": "An amazing experience with unique rock formations and Joshua Trees. Perfect for hiking and camping.",
    "price": 0,
    "currency": "USD",
    "experience_date": "2025-03-17",
    "details": {
        "duration": "6 hours",
        "crowd_level": "moderate"
    },
    "place": {
        "place_name": "Joshua Tree National Park",
        "address": "6554 Park Blvd, Joshua Tree, CA 92252, USA",
        "latitude": 34.0833,
        "longitude": -116.0333,
        "country": "USA",
        "city": "Joshua Tree",
        "category": "national_park",
        "accessibility": "moderate"
    },
    "photo": {
        "file_name": "joshua_tree_national_park.jpg",
        "file_path": "/uploads/u789012/joshua_tree_national_park.jpg",
        "file_size": 2048000,
        "file_type": "image/jpeg",
        "caption": "Unique rock formations at Joshua Tree National Park",
        "photo_latitude": 34.0833,
        "photo_longitude": -116.0333,
        "taken_at": "2025-03-17T12:00:00-08:00",
        "is_public": true
    },
    "created_at": "2025-03-17T14:00:00-08:00"
}