{
    "experience_id": "e529",
    "user_id": "u27",
    "trip_id": "t117",
    "experience_type": "outdoor",
    "experience_name": "Channel Islands National Park Visit",
    "rating": 4.9,
    "review": "A wonderful island experience with great hiking trails and whale watching opportunities.",
    "price": 0,
    "currency": "USD",
    "experience_date": "2025-03-18",
    "details": {
        "duration": "8 hours",
        "crowd_level": "low"
    },
    "place": {
        "place_name": "Channel Islands National Park",
        "address": "1901 Spinnaker Dr, Ventura, CA 93001, USA",
        "latitude": 34.1667,
        "longitude": -119.2333,
        "country": "USA",
        "city": "Ventura",
        "category": "national_park",
        "accessibility": "moderate"
    },
    "photo": {
        "file_name": "channel_islands_national_park.jpg",
        "file_path": "/uploads/u789012/channel_islands_national_park.jpg",
        "file_size": 2048000,
        "file_type": "image/jpeg",
        "caption": "Beautiful beaches at Channel Islands National Park",
        "photo_latitude": 34.1667,
        "photo_longitude": -119.2333,
        "taken_at": "2025-03-18T10:00:00-08:00",
        "is_public": true
    },
    "created_at": "2025-03-18T12:00:00-08:00"
}