{
    "experience_id": "e53",
    "user_id": "u16",
    "trip_id": "t12",
    "experience_type": "tourism",
    "experience_name": "Yosemite National Park Visit",
    "rating": 5.0,
    "review": "요세미티 국립공원은 유네스코 세계문화유산으로 지정된 아름다운 자연을 자랑합니다. 하이킹, 등반, 사진 촬영 등을 즐길 수 있습니다.",
    "price": 0,
    "currency": "USD",
    "experience_date": "2025-03-19",
    "details": {
        "duration": "10 hours",
        "crowd_level": "high"
    },
    "place": {
        "place_name": "Yosemite National Park",
        "address": "9039 Village Dr, Yosemite National Park, CA 95389, USA",
        "latitude": 37.7489,
        "longitude": -119.5911,
        "country": "USA",
        "city": "Yosemite National Park",
        "category": "national_park",
        "accessibility": "moderate"
    },
    "photo": {
        "file_name": "yosemite_national_park.jpg",
        "file_path": "/uploads/u789012/yosemite_national_park.jpg",
        "file_size": 2048000,
        "file_type": "image/jpeg",
        "caption": "요세미티 국립공원의 엘 카피탄",
        "photo_latitude": 37.7489,
        "photo_longitude": -119.5911,
        "taken_at": "2025-03-19T12:00:00-08:00",
        "is_public": true
    },
    "created_at": "2025-03-19T14:00:00-08:00"
}