{
    "experience_id": "e532",
    "user_id": "u27",
    "trip_id": "t117",
    "experience_type": "outdoor",
    "experience_name": "Santa Cruz Island Visit",
    "rating": 4.9,
    "review": "An amazing island with great hiking trails and beautiful beaches. Saw sea lions and dolphins during the trip.",
    "price": 0,
    "currency": "USD",
    "experience_date": "2025-03-20",
    "details": {
        "duration": "8 hours",
        "crowd_level": "low"
    },
    "place": {
        "place_name": "Santa Cruz Island",
        "address": "Santa Cruz Island, Channel Islands National Park, CA 93001, USA",
        "latitude": 34.0333,
        "longitude": -119.7333,
        "country": "USA",
        "city": "Ventura",
        "category": "island",
        "accessibility": "moderate"
    },
    "photo": {
        "file_name": "santa_cruz_island.jpg",
        "file_path": "/uploads/u789012/santa_cruz_island.jpg",
        "file_size": 2048000,
        "file_type": "image/jpeg",
        "caption": "Scorpion Anchorage at Santa Cruz Island",
        "photo_latitude": 34.0333,
        "photo_longitude": -119.7333,
        "taken_at": "2025-03-20T10:00:00-08:00",
        "is_public": true
    },
    "created_at": "2025-03-20T12:00:00-08:00"
}