{
    "experience_id": "e534",
    "user_id": "u24",
    "trip_id": "t118",
    "experience_type": "tourism",
    "experience_name": "Channel Islands National Park Visit",
    "rating": 4.8,
    "review": "A wonderful island experience with great hiking trails, kayaking, and whale watching opportunities.",
    "price": 50,
    "currency": "USD",
    "experience_date": "2025-03-17",
    "details": {
        "duration": "full day",
        "crowd_level": "low"
    },
    "place": {
        "place_name": "Channel Islands National Park",
        "address": "1901 Spinnaker Dr, Ventura, CA 93001, USA",
        "latitude": 34.2703,
        "longitude": -119.2453,
        "country": "USA",
        "city": "Ventura",
        "category": "national_park",
        "accessibility": "moderate"
    },
    "photo": {
        "file_name": "channel_islands_park.jpg",
        "file_path": "/uploads/u789012/channel_islands_park.jpg",
        "file_size": 2048000,
        "file_type": "image/jpeg",
        "caption": "Scenic views of Santa Cruz Island",
        "photo_latitude": 34.2703,
        "photo_longitude": -119.2453,
        "taken_at": "2025-03-17T14:00:00-08:00",
        "is_public": true
    },
    "created_at": "2025-03-17T18:00:00-08:00"
}