{
    "experience_id": "e544",
    "user_id": "u45",
    "trip_id": "t120",
    "experience_type": "tourism",
    "experience_name": "Channel Islands National Park Visit",
    "rating": 4.8,
    "review": "An amazing island experience with beautiful trails and wildlife. Great for kayaking and whale watching.",
    "price": 0,
    "currency": "USD",
    "experience_date": "2025-03-18",
    "details": {
        "duration": "8 hours",
        "crowd_level": "low"
    },
    "place": {
        "place_name": "Channel Islands National Park",
        "address": "1901 Spinnaker Dr, Ventura, CA 93001, USA",
        "latitude": 34.2673,
        "longitude": -119.2478,
        "country": "USA",
        "city": "Ventura",
        "category": "national_park",
        "accessibility": "moderate"
    },
    "photo": {
        "file_name": "channel_islands_park.jpg",
        "file_path": "/uploads/u789012/channel_islands_park.jpg",
        "file_size": 2048000,
        "file_type": "image/jpeg",
        "caption": "Scorpion Anchorage at Santa Cruz Island",
        "photo_latitude": 34.2673,
        "photo_longitude": -119.2478,
        "taken_at": "2025-03-18T10:00:00-08:00",
        "is_public": true
    },
    "created_at": "2025-03-18T12:00:00-08:00"
}