{
    "experience_id": "e545",
    "user_id": "u45",
    "trip_id": "t120",
    "experience_type": "tourism",
    "experience_name": "Griffith Park Visit",
    "rating": 4.5,
    "review": "A great urban park with hiking trails, the Hollywood sign, and a beautiful observatory.",
    "price": 0,
    "currency": "USD",
    "experience_date": "2025-03-16",
    "details": {
        "duration": "4 hours",
        "crowd_level": "high"
    },
    "place": {
        "place_name": "Griffith Park",
        "address": "4730 Crystal Springs Dr, Los Angeles, CA 90027, USA",
        "latitude": 34.1193,
        "longitude": -118.2944,
        "country": "USA",
        "city": "Los Angeles",
        "category": "urban_park",
        "accessibility": "easy"
    },
    "photo": {
        "file_name": "griffith_park.jpg",
        "file_path": "/uploads/u789012/griffith_park.jpg",
        "file_size": 2048000,
        "file_type": "image/jpeg",
        "caption": "Hollywood sign from Griffith Park",
        "photo_latitude": 34.1193,
        "photo_longitude": -118.2944,
        "taken_at": "2025-03-16T11:00:00-08:00",
        "is_public": true
    },
    "created_at": "2025-03-16T13:00:00-08:00"
}