{
    "experience_id": "e558",
    "user_id": "u8",
    "trip_id": "t123",
    "experience_type": "tourism",
    "experience_name": "Lake Almanor and Lassen Volcanic National Park",
    "rating": 4.8,
    "review": "Enjoyed water sports at Lake Almanor and explored the unique geological features of Lassen Volcanic National Park.",
    "price": 0,
    "currency": "USD",
    "experience_date": "2025-03-18",
    "details": {
        "duration": "full day",
        "crowd_level": "moderate"
    },
    "place": {
        "place_name": "Lake Almanor and Lassen Volcanic National Park",
        "address": "200 Kawi Place, Mineral, CA 96063, USA",
        "latitude": 40.4433,
        "longitude": -121.5083,
        "country": "USA",
        "city": "Mineral",
        "category": "national_park",
        "accessibility": "moderate"
    },
    "photo": {
        "file_name": "lassen_volcanic.jpg",
        "file_path": "/uploads/u789012/lassen_volcanic.jpg",
        "file_size": 2048000,
        "file_type": "image/jpeg",
        "caption": "Bubbling mud pots at Lassen Volcanic National Park",
        "photo_latitude": 40.4433,
        "photo_longitude": -121.5083,
        "taken_at": "2025-03-18T13:00:00-08:00",
        "is_public": true
    },
    "created_at": "2025-03-18T15:00:00-08:00"
}