{
    "experience_id": "e569",
    "user_id": "u111",
    "trip_id": "t125",
    "experience_type": "outdoor",
    "experience_name": "Morro Bay Visit",
    "rating": 4.7,
    "review": "A charming coastal town with beautiful bay views, seafood restaurants, and a historic state park.",
    "price": 0,
    "currency": "USD",
    "experience_date": "2025-03-19",
    "details": {
        "duration": "6 hours",
        "crowd_level": "moderate"
    },
    "place": {
        "place_name": "Morro Bay",
        "address": "845 Embarcadero Rd, Morro Bay, CA 93442, USA",
        "latitude": 35.3681,
        "longitude": -120.8503,
        "country": "USA",
        "city": "Morro Bay",
        "category": "coastal_town",
        "accessibility": "easy"
    },
    "photo": {
        "file_name": "morro_bay.jpg",
        "file_path": "/uploads/u789012/morro_bay.jpg",
        "file_size": 2048000,
        "file_type": "image/jpeg",
        "caption": "Morro Bay waterfront",
        "photo_latitude": 35.3681,
        "photo_longitude": -120.8503,
        "taken_at": "2025-03-19T12:00:00-08:00",
        "is_public": true
    },
    "created_at": "2025-03-19T18:00:00-08:00"
}