{
    "experience_id": "e578",
    "user_id": "u34",
    "trip_id": "t127",
    "experience_type": "tourism",
    "experience_name": "산타크루즈 비치 보드워크 방문",
    "rating": 4.9,
    "review": "산타크루즈 비치 보드워크의 서핑과 놀이기구가 재미있었다.",
    "price": 50,
    "currency": "USD",
    "experience_date": "2025-03-19",
    "details": {
        "duration": "half day",
        "crowd_level": "high"
    },
    "place": {
        "place_name": "Santa Cruz Beach Boardwalk",
        "address": "400 Beach St, Santa Cruz, CA 95060, USA",
        "latitude": 36.9653,
        "longitude": -122.0234,
        "country": "USA",
        "city": "Santa Cruz",
        "category": "amusement_park",
        "accessibility": "easy"
    },
    "photo": {
        "file_name": "santa_cruz_beach_boardwalk.jpg",
        "file_path": "/uploads/u789012/santa_cruz_beach_boardwalk.jpg",
        "file_size": 2048000,
        "file_type": "image/jpeg",
        "caption": "산타크루즈 비치 보드워크의 기차 놀이기구",
        "photo_latitude": 36.9653,
        "photo_longitude": -122.0234,
        "taken_at": "2025-03-19T12:00:00-08:00",
        "is_public": true
    },
    "created_at": "2025-03-19T14:00:00-08:00"
}