{
    "experience_id": "e581",
    "user_id": "u11",
    "trip_id": "t128",
    "experience_type": "outdoor",
    "experience_name": "Channel Islands National Park Visit",
    "rating": 4.8,
    "review": "채널제도 국립공원에서 하이킹, 캠핑, 고래 관광을 즐기며 아름다운 섬의 경치를 감상했습니다.",
    "price": 50,
    "currency": "USD",
    "experience_date": "2025-03-17",
    "details": {
        "duration": "10 hours",
        "crowd_level": "low"
    },
    "place": {
        "place_name": "Channel Islands National Park",
        "address": "1901 Spinnaker Dr, Ventura, CA 93001, USA",
        "latitude": 34.2573,
        "longitude": -119.2393,
        "country": "USA",
        "city": "Ventura",
        "category": "national_park",
        "accessibility": "moderate"
    },
    "photo": {
        "file_name": "channel_islands_np.jpg",
        "file_path": "/uploads/u789012/channel_islands_np.jpg",
        "file_size": 2048000,
        "file_type": "image/jpeg",
        "caption": "산타크루즈 섬의 스콜피온 앵커리지",
        "photo_latitude": 34.2573,
        "photo_longitude": -119.2393,
        "taken_at": "2025-03-17T14:00:00-08:00",
        "is_public": true
    },
    "created_at": "2025-03-17T16:00:00-08:00"
}