{
    "experience_id": "e586",
    "user_id": "u67",
    "trip_id": "t129",
    "experience_type": "tourism",
    "experience_name": "Griffith Park Visit",
    "rating": 4.5,
    "review": "그리피스 공원은 할리우드 간판과 천문대, 다양한 트레일이 있는 멋진 곳입니다. 가족과 함께 즐기기 좋습니다.",
    "price": 0,
    "currency": "USD",
    "experience_date": "2025-03-18",
    "details": {
        "duration": "4 hours",
        "crowd_level": "high"
    },
    "place": {
        "place_name": "Griffith Park",
        "address": "4730 Crystal Springs Dr, Los Angeles, CA 90027, USA",
        "latitude": 34.1333,
        "longitude": -118.2833,
        "country": "USA",
        "city": "Los Angeles",
        "category": "urban_park",
        "accessibility": "easy"
    },
    "photo": {
        "file_name": "griffith_park.jpg",
        "file_path": "/uploads/u789012/griffith_park.jpg",
        "file_size": 2048000,
        "file_type": "image/jpeg",
        "caption": "할리우드 간판",
        "photo_latitude": 34.1333,
        "photo_longitude": -118.2833,
        "taken_at": "2025-03-18T14:00:00-08:00",
        "is_public": true
    },
    "created_at": "2025-03-18T15:00:00-08:00"
}