{
    "experience_id": "e587",
    "user_id": "u67",
    "trip_id": "t129",
    "experience_type": "tourism",
    "experience_name": "Yosemite National Park Visit",
    "rating": 5.0,
    "review": "요세미티 국립공원은 아름다운 자연경관과 다양한 활동이 가능한 명소입니다. 마리포사 그로브의 거대 sequoia를 볼 수 있습니다.",
    "price": 35,
    "currency": "USD",
    "experience_date": "2025-03-19",
    "details": {
        "duration": "10 hours",
        "crowd_level": "high"
    },
    "place": {
        "place_name": "Yosemite National Park",
        "address": "9039 Village Dr, Yosemite National Park, CA 95389, USA",
        "latitude": 37.75,
        "longitude": -119.5833,
        "country": "USA",
        "city": "Yosemite National Park",
        "category": "national_park",
        "accessibility": "moderate"
    },
    "photo": {
        "file_name": "yosemite_national_park.jpg",
        "file_path": "/uploads/u789012/yosemite_national_park.jpg",
        "file_size": 2048000,
        "file_type": "image/jpeg",
        "caption": "마리포사 그로브의 거대 sequoia",
        "photo_latitude": 37.75,
        "photo_longitude": -119.5833,
        "taken_at": "2025-03-19T12:00:00-08:00",
        "is_public": true
    },
    "created_at": "2025-03-19T13:00:00-08:00"
}