{
    "experience_id": "e601",
    "user_id": "u52",
    "trip_id": "t132",
    "experience_type": "tourism",
    "experience_name": "채널제도 국립공원 탐험",
    "rating": 4.7,
    "review": "산타크루즈 섬의 아름다운 해안과 고래 관광이 즐거웠다.",
    "price": 50,
    "currency": "USD",
    "experience_date": "2025-03-19",
    "details": {
        "duration": "10 hours",
        "crowd_level": "moderate"
    },
    "place": {
        "place_name": "채널제도 국립공원",
        "address": "Channel Islands National Park, 1901 Spinnaker Dr, Ventura, CA 93001, USA",
        "latitude": 34.2667,
        "longitude": -119.2333,
        "country": "USA",
        "city": "Ventura",
        "category": "national_park",
        "accessibility": "difficult"
    },
    "photo": {
        "file_name": "channel_islands_national_park.jpg",
        "file_path": "/uploads/u789012/channel_islands_national_park.jpg",
        "file_size": 2048000,
        "file_type": "image/jpeg",
        "caption": "산타크루즈 섬의 스머글러스 코브",
        "photo_latitude": 34.0667,
        "photo_longitude": -119.7333,
        "taken_at": "2025-03-19T12:00:00-08:00",
        "is_public": true
    },
    "created_at": "2025-03-19T14:30:00-08:00"
}