{
    "experience_id": "e606",
    "user_id": "u23",
    "trip_id": "t133",
    "experience_type": "theme_park",
    "experience_name": "Gilroy Gardens Visit",
    "rating": 4.2,
    "review": "A family-friendly theme park with unique tree sculptures and various rides inspired by local produce.",
    "price": 50,
    "currency": "USD",
    "experience_date": "2025-03-21",
    "details": {
        "duration": "full day",
        "crowd_level": "moderate"
    },
    "place": {
        "place_name": "Gilroy Gardens",
        "address": "3050 Hecker Pass Hwy, Gilroy, CA 95020, USA",
        "latitude": 37.0167,
        "longitude": -121.5667,
        "country": "USA",
        "city": "Gilroy",
        "category": "theme_park",
        "accessibility": "easy"
    },
    "photo": {
        "file_name": "gilroy_gardens.jpg",
        "file_path": "/uploads/u789012/gilroy_gardens.jpg",
        "file_size": 2048000,
        "file_type": "image/jpeg",
        "caption": "Unique tree sculptures and rides",
        "photo_latitude": 37.0167,
        "photo_longitude": -121.5667,
        "taken_at": "2025-03-21T14:00:00-08:00",
        "is_public": true
    },
    "created_at": "2025-03-21T18:00:00-08:00"
}