{
    "experience_id": "e62",
    "user_id": "u23",
    "trip_id": "t14",
    "experience_type": "tourism",
    "experience_name": "Yosemite National Park Visit",
    "rating": 5.0,
    "review": "Breathtaking natural beauty with giant sequoias, waterfalls, and granite cliffs.",
    "price": 0,
    "currency": "USD",
    "experience_date": "2025-03-20",
    "details": {
        "duration": "10 hours",
        "crowd_level": "high"
    },
    "place": {
        "place_name": "Yosemite National Park",
        "address": "9039 Village Dr, Yosemite National Park, CA 95389, USA",
        "latitude": 37.7495,
        "longitude": -119.5883,
        "country": "USA",
        "city": "Yosemite National Park",
        "category": "national_park",
        "accessibility": "moderate"
    },
    "photo": {
        "file_name": "yosemite_park.jpg",
        "file_path": "/uploads/u789012/yosemite_park.jpg",
        "file_size": 2048000,
        "file_type": "image/jpeg",
        "caption": "Half Dome and El Capitan",
        "photo_latitude": 37.7495,
        "photo_longitude": -119.5883,
        "taken_at": "2025-03-20T14:00:00-08:00",
        "is_public": true
    },
    "created_at": "2025-03-20T18:00:00-08:00"
}