{
    "experience_id": "e667",
    "user_id": "u86",
    "trip_id": "t147",
    "experience_type": "tourism",
    "experience_name": "태평양 수족관 방문",
    "rating": 4.8,
    "review": "가족과 함께 방문한 태평양 수족관. 다양한 해양 생물들과 직접触覺體驗이 가능해 아이들이非常 즐겼습니다.",
    "price": 30000,
    "currency": "USD",
    "experience_date": "2025-03-17",
    "details": {
        "duration": "4 hours",
        "crowd_level": "high"
    },
    "place": {
        "place_name": "태평양 수족관",
        "address": "100 Aquarium Way, Long Beach, CA 90802",
        "latitude": 33.7633,
        "longitude": -118.1973,
        "country": "USA",
        "city": "Long Beach",
        "category": "aquarium",
        "accessibility": "easy"
    },
    "photo": {
        "file_name": "aquarium_visit.jpg",
        "file_path": "/uploads/u789012/aquarium_visit.jpg",
        "file_size": 3072000,
        "file_type": "image/jpeg",
        "caption": "태평양 수족관의 바다거북이 전시",
        "photo_latitude": 33.7633,
        "photo_longitude": -118.1973,
        "taken_at": "2025-03-17T14:00:00-08:00",
        "is_public": true
    },
    "created_at": "2025-03-17T18:00:00-08:00"
}