{
    "experience_id": "e671",
    "user_id": "u116",
    "trip_id": "t148",
    "experience_type": "tourism",
    "experience_name": "Joshua Tree National Park Visit",
    "rating": 5.0,
    "review": "조슈아 트리 국립공원에서 가족과 함께 하이킹과 캠핑을 즐겼습니다. 초현실적인 사막 경관과 별빛이 아름다운 밤하늘을 경험할 수 있었어요.",
    "price": 0,
    "currency": "USD",
    "experience_date": "2025-03-16",
    "details": {
        "duration": "8 hours",
        "crowd_level": "moderate"
    },
    "place": {
        "place_name": "Joshua Tree National Park",
        "address": "6554 Park Blvd, Joshua Tree, CA 92252, USA",
        "latitude": 34.0833,
        "longitude": -116.0333,
        "country": "USA",
        "city": "Joshua Tree",
        "category": "national_park",
        "accessibility": "easy"
    },
    "photo": {
        "file_name": "joshua_tree_national_park.jpg",
        "file_path": "/uploads/u789012/joshua_tree_national_park.jpg",
        "file_size": 2048000,
        "file_type": "image/jpeg",
        "caption": "조슈아 트리 국립공원의 일몰",
        "photo_latitude": 34.0833,
        "photo_longitude": -116.0333,
        "taken_at": "2025-03-16T17:00:00-08:00",
        "is_public": true
    },
    "created_at": "2025-03-17T10:00:00-08:00"
}