{
    "experience_id": "e676",
    "user_id": "u85",
    "trip_id": "t149",
    "experience_type": "tourism",
    "experience_name": "토팡가 주립공원 탐험",
    "rating": 4.9,
    "review": "로스앤젤레스 근교의広大な公園. 하이킹과 자전거 타기가 가능하고, 다양한 트레일과 캠핑 시설이 갖추어져 있었다.",
    "price": 0,
    "currency": "USD",
    "experience_date": "2025-03-17",
    "details": {
        "duration": "6 hours",
        "crowd_level": "moderate"
    },
    "place": {
        "place_name": "토팡가 주립공원",
        "address": "20600 Topanga Canyon Blvd, Topanga, CA 90290",
        "latitude": 34.0833,
        "longitude": -118.6167,
        "country": "USA",
        "city": "Topanga",
        "category": "state_park",
        "accessibility": "easy"
    },
    "photo": {
        "file_name": "topanga_state_park.jpg",
        "file_path": "/uploads/u789012/topanga_state_park.jpg",
        "file_size": 2048000,
        "file_type": "image/jpeg",
        "caption": "토팡가 주립공원의 산봉우리와 계곡",
        "photo_latitude": 34.0833,
        "photo_longitude": -118.6167,
        "taken_at": "2025-03-17T10:30:00-08:00",
        "is_public": true
    },
    "created_at": "2025-03-17T12:00:00-08:00"
}