{
    "experience_id": "e677",
    "user_id": "u85",
    "trip_id": "t149",
    "experience_type": "tourism",
    "experience_name": "조슈아트리 국립공원 탐험",
    "rating": 5.0,
    "review": "로스앤젤레스에서 2시간 거리인 초현실적인 아름다움의 국립공원. 하이킹, 캠핑, 등반, 야생동물 관찰이 가능했다.",
    "price": 30,
    "currency": "USD",
    "experience_date": "2025-03-18",
    "details": {
        "duration": "8 hours",
        "crowd_level": "high"
    },
    "place": {
        "place_name": "조슈아트리 국립공원",
        "address": "6554 Park Blvd, Joshua Tree, CA 92252",
        "latitude": 33.7833,
        "longitude": -115.9,
        "country": "USA",
        "city": "Joshua Tree",
        "category": "national_park",
        "accessibility": "moderate"
    },
    "photo": {
        "file_name": "joshua_tree_national_park.jpg",
        "file_path": "/uploads/u789012/joshua_tree_national_park.jpg",
        "file_size": 2048000,
        "file_type": "image/jpeg",
        "caption": "조슈아트리 국립공원의 조슈아 트리와 사막 풍경",
        "photo_latitude": 33.7833,
        "photo_longitude": -115.9,
        "taken_at": "2025-03-18T12:00:00-08:00",
        "is_public": true
    },
    "created_at": "2025-03-18T14:00:00-08:00"
}