{
    "experience_id": "e692",
    "user_id": "u105",
    "trip_id": "t152",
    "experience_type": "tourism",
    "experience_name": "Yosemite National Park Visit",
    "rating": 4.9,
    "review": "요세미티 국립공원은 캘리포니아주의 대표적인 자연 명소로, 하이킹, 래프팅, 스키 등을 즐길 수 있습니다. 특히 가을의 단풍은 아름답습니다.",
    "price": 0,
    "currency": "USD",
    "experience_date": "2025-03-20",
    "details": {
        "duration": "10 hours",
        "crowd_level": "high"
    },
    "place": {
        "place_name": "Yosemite National Park",
        "address": "9039 Village Dr, Yosemite National Park, CA 95389, USA",
        "latitude": 37.7489,
        "longitude": -119.5883,
        "country": "USA",
        "city": "Yosemite National Park",
        "category": "national_park",
        "accessibility": "moderate"
    },
    "photo": {
        "file_name": "yosemite_national_park.jpg",
        "file_path": "/uploads/u789012/yosemite_national_park.jpg",
        "file_size": 2048000,
        "file_type": "image/jpeg",
        "caption": "요세미티 국립공원의 엘 카피탄",
        "photo_latitude": 37.7489,
        "photo_longitude": -119.5883,
        "taken_at": "2025-03-20T12:00:00-08:00",
        "is_public": true
    },
    "created_at": "2025-03-20T14:00:00-08:00"
}