{
    "experience_id": "e699",
    "user_id": "u66",
    "trip_id": "t154",
    "experience_type": "tourism",
    "experience_name": "Channel Islands National Park Visit",
    "rating": 4.8,
    "review": "채널제도 국립공원은 로스앤젤레스에서 가까운 거리에 위치해 있으며, 하이킹, 캠핑, 카약 등을 즐길 수 있는 아름다운 섬입니다. 바다사자와 돌고래를 볼 수 있는 점이 besonders 인상적이었습니다.",
    "price": 50,
    "currency": "USD",
    "experience_date": "2025-03-17",
    "details": {
        "duration": "10 hours",
        "crowd_level": "low"
    },
    "place": {
        "place_name": "Channel Islands National Park",
        "address": "1901 Spinnaker Dr, Ventura, CA 93001, USA",
        "latitude": 34.2667,
        "longitude": -119.2333,
        "country": "USA",
        "city": "Ventura",
        "category": "national_park",
        "accessibility": "moderate"
    },
    "photo": {
        "file_name": "channel_islands_national_park.jpg",
        "file_path": "/uploads/u789012/channel_islands_national_park.jpg",
        "file_size": 2048000,
        "file_type": "image/jpeg",
        "caption": "채널제도 국립공원의 스머글러스 코브",
        "photo_latitude": 34.2667,
        "photo_longitude": -119.2333,
        "taken_at": "2025-03-17T14:00:00-08:00",
        "is_public": true
    },
    "created_at": "2025-03-17T15:00:00-08:00"
}