{
    "experience_id": "e708",
    "user_id": "u72",
    "trip_id": "t156",
    "experience_type": "outdoor",
    "experience_name": "Channel Islands National Park Visit",
    "rating": 4.8,
    "review": "채널제도 국립공원은 하이킹, 캠핑, 카약, 고래 관광 등을 즐길 수 있는 아름다운 섬입니다. 산타크루즈 섬의 스머글러스 코브는 특히 추천합니다.",
    "price": 50,
    "currency": "USD",
    "experience_date": "2025-03-18",
    "details": {
        "duration": "full day",
        "crowd_level": "low"
    },
    "place": {
        "place_name": "Channel Islands National Park",
        "address": "1901 Spinnaker Dr, Ventura, CA 93001, USA",
        "latitude": 34.2667,
        "longitude": -119.2333,
        "country": "USA",
        "city": "Ventura",
        "category": "national_park",
        "accessibility": "moderate"
    },
    "photo": {
        "file_name": "channel_islands_park.jpg",
        "file_path": "/uploads/u789012/channel_islands_park.jpg",
        "file_size": 2048000,
        "file_type": "image/jpeg",
        "caption": "산타크루즈 섬의 스머글러스 코브",
        "photo_latitude": 34.0667,
        "photo_longitude": -119.7333,
        "taken_at": "2025-03-18T12:00:00-08:00",
        "is_public": true
    },
    "created_at": "2025-03-18T13:00:00-08:00"
}