{
    "experience_id": "e714",
    "user_id": "u84",
    "trip_id": "t157",
    "experience_type": "tourism",
    "experience_name": "Yosemite National Park Visit",
    "rating": 5.0,
    "review": "요세미티 국립공원에서 가족과 함께 하이킹과 자연 경관을 감상했습니다. 마리포사 그로브의巨木들이印象적이었습니다.",
    "price": 30,
    "currency": "USD",
    "experience_date": "2025-03-19",
    "details": {
        "duration": "10 hours",
        "crowd_level": "moderate"
    },
    "place": {
        "place_name": "Yosemite National Park",
        "address": "9039 Village Dr, Yosemite National Park, CA 95389, USA",
        "latitude": 37.7489,
        "longitude": -119.5903,
        "country": "USA",
        "city": "Yosemite National Park",
        "category": "national_park",
        "accessibility": "moderate"
    },
    "photo": {
        "file_name": "yosemite_national_park.jpg",
        "file_path": "/uploads/u789012/yosemite_national_park.jpg",
        "file_size": 2048000,
        "file_type": "image/jpeg",
        "caption": "마리포사 그로브의巨木",
        "photo_latitude": 37.7489,
        "photo_longitude": -119.5903,
        "taken_at": "2025-03-19T12:00:00-08:00",
        "is_public": true
    },
    "created_at": "2025-03-19T13:00:00-08:00"
}