{
    "experience_id": "e718",
    "user_id": "u25",
    "trip_id": "t158",
    "experience_type": "beach",
    "experience_name": "El Matador State Beach Visit",
    "rating": 5.0,
    "review": "Stunning beach with unique rock formations and great for sunset viewing.",
    "price": 0,
    "currency": "USD",
    "experience_date": "2025-03-19",
    "details": {
        "duration": "6 hours",
        "crowd_level": "moderate"
    },
    "place": {
        "place_name": "El Matador State Beach",
        "address": "32215 Pacific Coast Hwy, Malibu, CA 90265, USA",
        "latitude": 34.0253,
        "longitude": -118.8161,
        "country": "USA",
        "city": "Malibu",
        "category": "state_beach",
        "accessibility": "easy"
    },
    "photo": {
        "file_name": "el_matador_beach.jpg",
        "file_path": "/uploads/u789012/el_matador_beach.jpg",
        "file_size": 2048000,
        "file_type": "image/jpeg",
        "caption": "Unique rock formations at El Matador Beach",
        "photo_latitude": 34.0253,
        "photo_longitude": -118.8161,
        "taken_at": "2025-03-19T16:00:00-08:00",
        "is_public": true
    },
    "created_at": "2025-03-19T18:00:00-08:00"
}