{
    "experience_id": "e722",
    "user_id": "u88",
    "trip_id": "t159",
    "experience_type": "outdoor_activity",
    "experience_name": "Griffith Park Visit",
    "rating": 4.7,
    "review": "로스앤젤레스에서 가까운 대자연의 명소. 하이킹, 자전거 타기, 승마 등 다양한 활동을 즐길 수 있었다.",
    "price": 0,
    "currency": "USD",
    "experience_date": "2025-03-18",
    "details": {
        "duration": "4 hours",
        "crowd_level": "moderate"
    },
    "place": {
        "place_name": "Griffith Park",
        "address": "4730 Crystal Springs Dr, Los Angeles, CA 90027, USA",
        "latitude": 34.1367,
        "longitude": -118.2967,
        "country": "USA",
        "city": "Los Angeles",
        "category": "park",
        "accessibility": "easy"
    },
    "photo": {
        "file_name": "griffith_park.jpg",
        "file_path": "/uploads/u789012/griffith_park.jpg",
        "file_size": 2048000,
        "file_type": "image/jpeg",
        "caption": "Griffith Park의 할리우드 간판",
        "photo_latitude": 34.1367,
        "photo_longitude": -118.2967,
        "taken_at": "2025-03-18T10:00:00-08:00",
        "is_public": true
    },
    "created_at": "2025-03-18T14:00:00-08:00"
}