{
    "experience_id": "e725",
    "user_id": "u76",
    "trip_id": "t160",
    "experience_type": "tourism",
    "experience_name": "토팡가 주립공원 탐험",
    "rating": 4.9,
    "review": "로스앤젤레스 근교의広大한 공원. 하이킹과 자전거 타기가 좋았습니다.",
    "price": 0,
    "currency": "USD",
    "experience_date": "2025-03-17",
    "details": {
        "duration": "6 hours",
        "crowd_level": "moderate"
    },
    "place": {
        "place_name": "토팡가 주립공원",
        "address": "20828 Topanga Canyon Blvd, Topanga, CA 90290, USA",
        "latitude": 34.0833,
        "longitude": -118.6167,
        "country": "USA",
        "city": "Topanga",
        "category": "state_park",
        "accessibility": "easy"
    },
    "photo": {
        "file_name": "topanga_state_park.jpg",
        "file_path": "/uploads/u789012/topanga_state_park.jpg",
        "file_size": 2048000,
        "file_type": "image/jpeg",
        "caption": "토팡가 주립공원의 트레일",
        "photo_latitude": 34.0833,
        "photo_longitude": -118.6167,
        "taken_at": "2025-03-17T10:30:00-08:00",
        "is_public": true
    },
    "created_at": "2025-03-17T12:30:00-08:00"
}