{
    "experience_id": "e728",
    "user_id": "u7",
    "trip_id": "t161",
    "experience_type": "outdoor",
    "experience_name": "Joshua Tree National Park Visit",
    "rating": 5.0,
    "review": "A surreal and beautiful national park with unique rock formations and Joshua trees. Great for hiking, camping, and rock climbing.",
    "price": 0,
    "currency": "USD",
    "experience_date": "2025-03-16",
    "details": {
        "duration": "6 hours",
        "crowd_level": "moderate"
    },
    "place": {
        "place_name": "Joshua Tree National Park",
        "address": "6554 Park Blvd, Joshua Tree, CA 92252, USA",
        "latitude": 34.1266,
        "longitude": -116.3053,
        "country": "USA",
        "city": "Joshua Tree",
        "category": "national_park",
        "accessibility": "moderate"
    },
    "photo": {
        "file_name": "joshua_tree_national_park.jpg",
        "file_path": "/uploads/u789012/joshua_tree_national_park.jpg",
        "file_size": 2048000,
        "file_type": "image/jpeg",
        "caption": "Unique Joshua trees and rock formations",
        "photo_latitude": 34.1266,
        "photo_longitude": -116.3053,
        "taken_at": "2025-03-16T12:00:00-08:00",
        "is_public": true
    },
    "created_at": "2025-03-16T14:00:00-08:00"
}