{
    "experience_id": "e732",
    "user_id": "u7",
    "trip_id": "t161",
    "experience_type": "outdoor",
    "experience_name": "Topanga State Park Visit",
    "rating": 4.6,
    "review": "A large state park with extensive hiking trails and scenic views of the Pacific Ocean.",
    "price": 0,
    "currency": "USD",
    "experience_date": "2025-03-20",
    "details": {
        "duration": "5 hours",
        "crowd_level": "moderate"
    },
    "place": {
        "place_name": "Topanga State Park",
        "address": "2060 Topanga Canyon Blvd, Topanga, CA 90290, USA",
        "latitude": 34.0833,
        "longitude": -118.5667,
        "country": "USA",
        "city": "Topanga",
        "category": "state_park",
        "accessibility": "moderate"
    },
    "photo": {
        "file_name": "topanga_state_park.jpg",
        "file_path": "/uploads/u789012/topanga_state_park.jpg",
        "file_size": 2048000,
        "file_type": "image/jpeg",
        "caption": "Scenic views of the Pacific Ocean",
        "photo_latitude": 34.0833,
        "photo_longitude": -118.5667,
        "taken_at": "2025-03-20T10:00:00-08:00",
        "is_public": true
    },
    "created_at": "2025-03-20T12:00:00-08:00"
}