{
    "experience_id": "e738",
    "user_id": "u82",
    "trip_id": "t163",
    "experience_type": "tourism",
    "experience_name": "Joshua Tree National Park Visit",
    "rating": 5.0,
    "review": "조슈아 트리 국립공원에서 하이킹과 등반을 즐겼습니다. 사막의 아름다운 경관과 별빛이 멋졌습니다.",
    "price": 0,
    "currency": "USD",
    "experience_date": "2025-03-17",
    "details": {
        "duration": "8 hours",
        "crowd_level": "moderate"
    },
    "place": {
        "place_name": "Joshua Tree National Park",
        "address": "6554 Park Blvd, Joshua Tree, CA 92252, USA",
        "latitude": 33.7283,
        "longitude": -115.9011,
        "country": "USA",
        "city": "Joshua Tree",
        "category": "national_park",
        "accessibility": "moderate"
    },
    "photo": {
        "file_name": "joshua_tree_park.jpg",
        "file_path": "/uploads/u789012/joshua_tree_park.jpg",
        "file_size": 2048000,
        "file_type": "image/jpeg",
        "caption": "조슈아 트리 국립공원의 일몰",
        "photo_latitude": 33.7283,
        "photo_longitude": -115.9011,
        "taken_at": "2025-03-17T17:00:00-08:00",
        "is_public": true
    },
    "created_at": "2025-03-17T18:00:00-08:00"
}