{
    "experience_id": "e743",
    "user_id": "u26",
    "trip_id": "t164",
    "experience_type": "outdoor",
    "experience_name": "Channel Islands National Park Visit",
    "rating": 4.9,
    "review": "채널제도 국립공원은 로스앤젤레스에서 약 2시간 거리에 있는 아름다운 섬입니다. 하이킹, 캠핑, 카약, 고래 관광 등 다양한 활동을 즐길 수 있습니다.",
    "price": 0,
    "currency": "USD",
    "experience_date": "2025-03-18",
    "details": {
        "duration": "10 hours",
        "crowd_level": "low"
    },
    "place": {
        "place_name": "Channel Islands National Park",
        "address": "1901 Spinnaker Dr, Ventura, CA 93001, USA",
        "latitude": 34.2667,
        "longitude": -119.2333,
        "country": "USA",
        "city": "Ventura",
        "category": "national_park",
        "accessibility": "moderate"
    },
    "photo": {
        "file_name": "channel_islands_national_park.jpg",
        "file_path": "/uploads/u789012/channel_islands_national_park.jpg",
        "file_size": 2048000,
        "file_type": "image/jpeg",
        "caption": "채널제도 국립공원의 아름다운 해안가",
        "photo_latitude": 34.2667,
        "photo_longitude": -119.2333,
        "taken_at": "2025-03-18T14:00:00-08:00",
        "is_public": true
    },
    "created_at": "2025-03-18T18:00:00-08:00"
}