{
    "experience_id": "e745",
    "user_id": "u26",
    "trip_id": "t164",
    "experience_type": "beach",
    "experience_name": "El Matador State Beach Visit",
    "rating": 4.6,
    "review": "엘 마타도르 주립 해변은 로스앤젤레스 근교의 아름다운 해변입니다. 해변 산책, 사진 촬영 등 다양한 활동을 즐길 수 있습니다.",
    "price": 0,
    "currency": "USD",
    "experience_date": "2025-03-19",
    "details": {
        "duration": "3 hours",
        "crowd_level": "moderate"
    },
    "place": {
        "place_name": "El Matador State Beach",
        "address": "32215 Pacific Coast Hwy, Malibu, CA 90265, USA",
        "latitude": 34.0333,
        "longitude": -118.5667,
        "country": "USA",
        "city": "Malibu",
        "category": "beach",
        "accessibility": "easy"
    },
    "photo": {
        "file_name": "el_matador_state_beach.jpg",
        "file_path": "/uploads/u789012/el_matador_state_beach.jpg",
        "file_size": 2048000,
        "file_type": "image/jpeg",
        "caption": "엘 마타도르 주립 해변의 아름다운 바위",
        "photo_latitude": 34.0333,
        "photo_longitude": -118.5667,
        "taken_at": "2025-03-19T11:00:00-08:00",
        "is_public": true
    },
    "created_at": "2025-03-19T13:00:00-08:00"
}