{
    "experience_id": "e749",
    "user_id": "u28",
    "trip_id": "t165",
    "experience_type": "tourism",
    "experience_name": "Yosemite National Park Visit",
    "rating": 5.0,
    "review": "요세미티 국립공원에서 하이킹과 래프팅을 즐겼습니다. 자연의 아름다움이 vraiment 감동적이었습니다.",
    "price": 30,
    "currency": "USD",
    "experience_date": "2025-03-19",
    "details": {
        "duration": "12 hours",
        "crowd_level": "high"
    },
    "place": {
        "place_name": "Yosemite National Park",
        "address": "9039 Village Dr, Yosemite National Park, CA 95389, USA",
        "latitude": 37.7489,
        "longitude": -119.5882,
        "country": "USA",
        "city": "Yosemite National Park",
        "category": "national_park",
        "accessibility": "moderate"
    },
    "photo": {
        "file_name": "yosemite_national_park.jpg",
        "file_path": "/uploads/u789012/yosemite_national_park.jpg",
        "file_size": 2048000,
        "file_type": "image/jpeg",
        "caption": "요세미티 국립공원의 아름다운 경관",
        "photo_latitude": 37.7489,
        "photo_longitude": -119.5882,
        "taken_at": "2025-03-19T12:00:00-08:00",
        "is_public": true
    },
    "created_at": "2025-03-19T18:00:00-08:00"
}