{
    "experience_id": "e753",
    "user_id": "u83",
    "trip_id": "t166",
    "experience_type": "theme_park",
    "experience_name": "Gilroy Gardens Visit",
    "rating": 4.2,
    "review": "길로이 가든에서 가족과 함께 다양한 놀이기구와 신기한 나무들을 보고 즐겼습니다.",
    "price": 60,
    "currency": "USD",
    "experience_date": "2025-03-19",
    "details": {
        "duration": "full day",
        "crowd_level": "moderate"
    },
    "place": {
        "place_name": "Gilroy Gardens",
        "address": "3050 Hecker Pass Hwy, Gilroy, CA 95020, USA",
        "latitude": 37.0667,
        "longitude": -121.5667,
        "country": "USA",
        "city": "Gilroy",
        "category": "theme_park",
        "accessibility": "easy"
    },
    "photo": {
        "file_name": "gilroy_gardens.jpg",
        "file_path": "/uploads/u789012/gilroy_gardens.jpg",
        "file_size": 2048000,
        "file_type": "image/jpeg",
        "caption": "길로이 가든의 신기한 나무들",
        "photo_latitude": 37.0667,
        "photo_longitude": -121.5667,
        "taken_at": "2025-03-19T14:00:00-08:00",
        "is_public": true
    },
    "created_at": "2025-03-19T18:00:00-08:00"
}