{
    "experience_id": "e763",
    "user_id": "u56",
    "trip_id": "t168",
    "experience_type": "outdoor",
    "experience_name": "Point Arena-Stornetta Public Lands Visit",
    "rating": 4.8,
    "review": "A scenic coastal area with a historic lighthouse and opportunities to see whales and other marine life.",
    "price": 0,
    "currency": "USD",
    "experience_date": "2025-03-20",
    "details": {
        "duration": "half day",
        "crowd_level": "low"
    },
    "place": {
        "place_name": "Point Arena-Stornetta Public Lands",
        "address": "50 Lighthouse Rd, Point Arena, CA 95468, USA",
        "latitude": 38.9542,
        "longitude": -123.7433,
        "country": "USA",
        "city": "Point Arena",
        "category": "coastal_area",
        "accessibility": "moderate"
    },
    "photo": {
        "file_name": "point_arena_lighthouse.jpg",
        "file_path": "/uploads/u789012/point_arena_lighthouse.jpg",
        "file_size": 2048000,
        "file_type": "image/jpeg",
        "caption": "Point Arena Lighthouse",
        "photo_latitude": 38.9542,
        "photo_longitude": -123.7433,
        "taken_at": "2025-03-20T12:00:00-08:00",
        "is_public": true
    },
    "created_at": "2025-03-20T13:00:00-08:00"
}