{
    "experience_id": "e765",
    "user_id": "u81",
    "trip_id": "t169",
    "experience_type": "outdoor",
    "experience_name": "Channel Islands National Park Visit",
    "rating": 4.9,
    "review": "A wonderful island experience with great hiking trails and whale watching opportunities.",
    "price": 0,
    "currency": "USD",
    "experience_date": "2025-03-18",
    "details": {
        "duration": "10 hours",
        "crowd_level": "low"
    },
    "place": {
        "place_name": "Channel Islands National Park",
        "address": "1901 Spinnaker Dr, Ventura, CA 93001, USA",
        "latitude": 34.1633,
        "longitude": -119.2333,
        "country": "USA",
        "city": "Ventura",
        "category": "national_park",
        "accessibility": "moderate"
    },
    "photo": {
        "file_name": "channel_islands_park.jpg",
        "file_path": "/uploads/u789012/channel_islands_park.jpg",
        "file_size": 4096000,
        "file_type": "image/jpeg",
        "caption": "Scorpion Anchorage at Santa Cruz Island",
        "photo_latitude": 34.1633,
        "photo_longitude": -119.2333,
        "taken_at": "2025-03-18T14:00:00-08:00",
        "is_public": true
    },
    "created_at": "2025-03-18T18:30:00-08:00"
}