{
    "experience_id": "e768",
    "user_id": "u81",
    "trip_id": "t169",
    "experience_type": "outdoor",
    "experience_name": "Topanga State Park Visit",
    "rating": 4.5,
    "review": "Great hiking trails with scenic views of the Pacific Ocean.",
    "price": 0,
    "currency": "USD",
    "experience_date": "2025-03-21",
    "details": {
        "duration": "5 hours",
        "crowd_level": "low"
    },
    "place": {
        "place_name": "Topanga State Park",
        "address": "20600 Topanga Canyon Blvd, Topanga, CA 90290, USA",
        "latitude": 34.0667,
        "longitude": -118.5667,
        "country": "USA",
        "city": "Topanga",
        "category": "state_park",
        "accessibility": "moderate"
    },
    "photo": {
        "file_name": "topanga_park.jpg",
        "file_path": "/uploads/u789012/topanga_park.jpg",
        "file_size": 2048000,
        "file_type": "image/jpeg",
        "caption": "Scenic view from Topanga State Park",
        "photo_latitude": 34.0667,
        "photo_longitude": -118.5667,
        "taken_at": "2025-03-21T11:30:00-08:00",
        "is_public": true
    },
    "created_at": "2025-03-21T16:30:00-08:00"
}