{
    "experience_id": "e772",
    "user_id": "u63",
    "trip_id": "t170",
    "experience_type": "tourism",
    "experience_name": "Gilroy Gardens Visit",
    "rating": 4.2,
    "review": "길로이 가든은 자연친화적인 테마파크로, 다양한 놀이기구와 신기한 나무들이 있는 곳입니다. 가족들과 함께 즐길 수 있는 좋은 장소입니다.",
    "price": 40,
    "currency": "USD",
    "experience_date": "2025-03-19",
    "details": {
        "duration": "8 hours",
        "crowd_level": "moderate"
    },
    "place": {
        "place_name": "Gilroy Gardens",
        "address": "3050 Hecker Pass Hwy, Gilroy, CA 95020, USA",
        "latitude": 37.0033,
        "longitude": -121.5667,
        "country": "USA",
        "city": "Gilroy",
        "category": "theme_park",
        "accessibility": "easy"
    },
    "photo": {
        "file_name": "gilroy_gardens.jpg",
        "file_path": "/uploads/u789012/gilroy_gardens.jpg",
        "file_size": 2048000,
        "file_type": "image/jpeg",
        "caption": "길로이 가든의 신기한 나무들",
        "photo_latitude": 37.0033,
        "photo_longitude": -121.5667,
        "taken_at": "2025-03-19T14:30:00-08:00",
        "is_public": true
    },
    "created_at": "2025-03-19T19:00:00-08:00"
}