{
    "experience_id": "e786",
    "user_id": "u97",
    "trip_id": "t173",
    "experience_type": "outdoor",
    "experience_name": "Morro Bay Visit",
    "rating": 4.6,
    "review": "A charming coastal town with a beautiful bay, great seafood, and a historic rock formation. Perfect for a relaxing day.",
    "price": 0,
    "currency": "USD",
    "experience_date": "2025-03-21",
    "details": {
        "duration": "8 hours",
        "crowd_level": "moderate"
    },
    "place": {
        "place_name": "Morro Bay",
        "address": "695 Embarcadero Rd, Morro Bay, CA 93442, USA",
        "latitude": 35.3667,
        "longitude": -120.8333,
        "country": "USA",
        "city": "Morro Bay",
        "category": "coastal_town",
        "accessibility": "easy"
    },
    "photo": {
        "file_name": "morro_bay.jpg",
        "file_path": "/uploads/u789012/morro_bay.jpg",
        "file_size": 2048000,
        "file_type": "image/jpeg",
        "caption": "Morro Rock and bay scenery",
        "photo_latitude": 35.3667,
        "photo_longitude": -120.8333,
        "taken_at": "2025-03-21T12:00:00-08:00",
        "is_public": true
    },
    "created_at": "2025-03-21T18:00:00-08:00"
}