{
    "experience_id": "e791",
    "user_id": "u54",
    "trip_id": "t174",
    "experience_type": "outdoor",
    "experience_name": "Point Arena-Stornetta Public Lands Visit",
    "rating": 4.8,
    "review": "A natural and scenic area with a historic lighthouse and stunning coastal views. Great for whale watching and hiking.",
    "price": 0,
    "currency": "USD",
    "experience_date": "2025-03-20",
    "details": {
        "duration": "half day",
        "crowd_level": "low"
    },
    "place": {
        "place_name": "Point Arena-Stornetta Public Lands",
        "address": "5700 CA-1, Point Arena, CA 95468, USA",
        "latitude": 38.95,
        "longitude": -123.7333,
        "country": "USA",
        "city": "Point Arena",
        "category": "public_lands",
        "accessibility": "moderate"
    },
    "photo": {
        "file_name": "point_arena_lands.jpg",
        "file_path": "/uploads/u789012/point_arena_lands.jpg",
        "file_size": 2048000,
        "file_type": "image/jpeg",
        "caption": "Historic lighthouse and coastal views",
        "photo_latitude": 38.95,
        "photo_longitude": -123.7333,
        "taken_at": "2025-03-20T10:00:00-08:00",
        "is_public": true
    },
    "created_at": "2025-03-20T12:00:00-08:00"
}