{
    "experience_id": "e796",
    "user_id": "u87",
    "trip_id": "t175",
    "experience_type": "tourism",
    "experience_name": "Point Arena-Stornetta Public Lands Visit",
    "rating": 4.8,
    "review": "Breathtaking coastal views and historic lighthouse. Saw whales during the season.",
    "price": 0,
    "currency": "USD",
    "experience_date": "2025-03-20",
    "details": {
        "duration": "5 hours",
        "crowd_level": "low"
    },
    "place": {
        "place_name": "Point Arena-Stornetta Public Lands",
        "address": "200 Lighthouse Rd, Point Arena, CA 95468, USA",
        "latitude": 38.9553,
        "longitude": -123.7403,
        "country": "USA",
        "city": "Point Arena",
        "category": "coastal_area",
        "accessibility": "moderate"
    },
    "photo": {
        "file_name": "point_arena_lighthouse.jpg",
        "file_path": "/uploads/u789012/point_arena_lighthouse.jpg",
        "file_size": 2048000,
        "file_type": "image/jpeg",
        "caption": "Point Arena Lighthouse",
        "photo_latitude": 38.9553,
        "photo_longitude": -123.7403,
        "taken_at": "2025-03-20T11:00:00-08:00",
        "is_public": true
    },
    "created_at": "2025-03-20T16:00:00-08:00"
}