{
    "experience_id": "e800",
    "user_id": "u6",
    "trip_id": "t176",
    "experience_type": "tourism",
    "experience_name": "Yosemite National Park Visit",
    "rating": 5.0,
    "review": "Breathtaking scenery and incredible hiking trails. A must-visit in California.",
    "price": 30,
    "currency": "USD",
    "experience_date": "2025-03-20",
    "details": {
        "duration": "12 hours",
        "crowd_level": "high"
    },
    "place": {
        "place_name": "Yosemite National Park",
        "address": "9039 Village Dr, Yosemite National Park, CA 95389, USA",
        "latitude": 37.7489,
        "longitude": -119.5882,
        "country": "USA",
        "city": "Yosemite National Park",
        "category": "national_park",
        "accessibility": "moderate"
    },
    "photo": {
        "file_name": "yosemite_national_park.jpg",
        "file_path": "/uploads/u789012/yosemite_national_park.jpg",
        "file_size": 2048000,
        "file_type": "image/jpeg",
        "caption": "Half Dome at Yosemite National Park",
        "photo_latitude": 37.7489,
        "photo_longitude": -119.5882,
        "taken_at": "2025-03-20T14:30:00-08:00",
        "is_public": true
    },
    "created_at": "2025-03-20T19:00:00-08:00"
}