{
    "experience_id": "e801",
    "user_id": "u6",
    "trip_id": "t176",
    "experience_type": "tourism",
    "experience_name": "Gilroy Gardens Visit",
    "rating": 4.2,
    "review": "A fun and unique theme park with beautifully shaped trees and family-friendly rides.",
    "price": 50,
    "currency": "USD",
    "experience_date": "2025-03-21",
    "details": {
        "duration": "8 hours",
        "crowd_level": "moderate"
    },
    "place": {
        "place_name": "Gilroy Gardens",
        "address": "3050 Hecker Pass Hwy, Gilroy, CA 95020, USA",
        "latitude": 37.0053,
        "longitude": -121.5708,
        "country": "USA",
        "city": "Gilroy",
        "category": "theme_park",
        "accessibility": "easy"
    },
    "photo": {
        "file_name": "gilroy_gardens.jpg",
        "file_path": "/uploads/u789012/gilroy_gardens.jpg",
        "file_size": 2048000,
        "file_type": "image/jpeg",
        "caption": "Unique tree shapes at Gilroy Gardens",
        "photo_latitude": 37.0053,
        "photo_longitude": -121.5708,
        "taken_at": "2025-03-21T13:00:00-08:00",
        "is_public": true
    },
    "created_at": "2025-03-21T18:15:00-08:00"
}