{
    "experience_id": "e807",
    "user_id": "u40",
    "trip_id": "t178",
    "experience_type": "tourism",
    "experience_name": "엘 마타도르 주립 해변 방문",
    "rating": 4.8,
    "review": "로스앤젤레스 근교의 아름다운 해변. 서핑과 동굴 탐험을 즐길 수 있었다.",
    "price": 0,
    "currency": "USD",
    "experience_date": "2025-03-16",
    "details": {
        "duration": "4 hours",
        "crowd_level": "low"
    },
    "place": {
        "place_name": "엘 마타도르 주립 해변",
        "address": "32100 Pacific Coast Hwy, Malibu, CA 90265, USA",
        "latitude": 34.0253,
        "longitude": -118.8167,
        "country": "USA",
        "city": "Malibu",
        "category": "beach",
        "accessibility": "moderate"
    },
    "photo": {
        "file_name": "el_matador_beach.jpg",
        "file_path": "/uploads/u789012/el_matador_beach.jpg",
        "file_size": 2048000,
        "file_type": "image/jpeg",
        "caption": "엘 마타도르 해변의 아름다운 해안선",
        "photo_latitude": 34.0253,
        "photo_longitude": -118.8167,
        "taken_at": "2025-03-16T12:00:00-08:00",
        "is_public": true
    },
    "created_at": "2025-03-16T14:00:00-08:00"
}