{
    "experience_id": "e86",
    "user_id": "u80",
    "trip_id": "t20",
    "experience_type": "tourism",
    "experience_name": "San Diego Zoo Safari Park",
    "rating": 5.0,
    "review": "An amazing safari experience with the family. We got to feed giraffes and rhinos, and even spent a night in the Roar & Snore Safari tents.",
    "price": 150,
    "currency": "USD",
    "experience_date": "2025-03-16",
    "details": {
        "duration": "6 hours",
        "crowd_level": "high"
    },
    "place": {
        "place_name": "San Diego Zoo Safari Park",
        "address": "15500 San Pasqual Valley Rd, Escondido, CA 92027, USA",
        "latitude": 33.0933,
        "longitude": -116.9803,
        "country": "USA",
        "city": "Escondido",
        "category": "zoo",
        "accessibility": "easy"
    },
    "photo": {
        "file_name": "safari_park.jpg",
        "file_path": "/uploads/u789012/safari_park.jpg",
        "file_size": 2048000,
        "file_type": "image/jpeg",
        "caption": "Feeding giraffes at the San Diego Zoo Safari Park",
        "photo_latitude": 33.0933,
        "photo_longitude": -116.9803,
        "taken_at": "2025-03-16T12:00:00-08:00",
        "is_public": true
    },
    "created_at": "2025-03-16T18:00:00-08:00"
}