{
    "experience_id": "e87",
    "user_id": "u80",
    "trip_id": "t20",
    "experience_type": "tourism",
    "experience_name": "La Jolla Cove Kayaking",
    "rating": 4.8,
    "review": "Beautiful kayaking experience at La Jolla Cove. Saw lots of marine life and enjoyed the clear waters.",
    "price": 50,
    "currency": "USD",
    "experience_date": "2025-03-17",
    "details": {
        "duration": "3 hours",
        "crowd_level": "moderate"
    },
    "place": {
        "place_name": "La Jolla Cove",
        "address": "1100 Coast Blvd, La Jolla, CA 92037, USA",
        "latitude": 32.8533,
        "longitude": -117.2578,
        "country": "USA",
        "city": "San Diego",
        "category": "beach",
        "accessibility": "easy"
    },
    "photo": {
        "file_name": "la_jolla_cove.jpg",
        "file_path": "/uploads/u789012/la_jolla_cove.jpg",
        "file_size": 2048000,
        "file_type": "image/jpeg",
        "caption": "Kayaking at La Jolla Cove",
        "photo_latitude": 32.8533,
        "photo_longitude": -117.2578,
        "taken_at": "2025-03-17T10:30:00-08:00",
        "is_public": true
    },
    "created_at": "2025-03-17T13:00:00-08:00"
}