{
    "experience_id": "e91",
    "user_id": "u93",
    "trip_id": "t21",
    "experience_type": "outdoor",
    "experience_name": "Channel Islands National Park Visit",
    "rating": 4.8,
    "review": "Fantastic island experience with great hiking trails and marine life. The Scorpion Anchorage was a highlight.",
    "price": 0,
    "currency": "USD",
    "experience_date": "2025-03-17",
    "details": {
        "duration": "full day",
        "crowd_level": "low"
    },
    "place": {
        "place_name": "Channel Islands National Park",
        "address": "1901 Spinnaker Dr, Ventura, CA 93001, USA",
        "latitude": 34.2594,
        "longitude": -119.2373,
        "country": "USA",
        "city": "Ventura",
        "category": "national_park",
        "accessibility": "moderate"
    },
    "photo": {
        "file_name": "channel_islands_national_park.jpg",
        "file_path": "/uploads/u789012/channel_islands_national_park.jpg",
        "file_size": 2048000,
        "file_type": "image/jpeg",
        "caption": "Scorpion Anchorage and marine life",
        "photo_latitude": 34.2594,
        "photo_longitude": -119.2373,
        "taken_at": "2025-03-17T14:00:00-08:00",
        "is_public": true
    },
    "created_at": "2025-03-17T18:00:00-08:00"
}