{
    "trip_id": "t24",
    "user_id": "u102",
    "title": "남아프리카 공화국 와인 여행",
    "start_date": "2025-09-25",
    "end_date": "2025-10-10",
    "description": "남아프리카 공화국의 스텔렌보스 와인庄과 문화 탐방",
    "country": "South Africa",
    "region": "Stellenbosch",
    "travel_type": "wine",
    "budget": 3200000,
    "transportation_type": "plane",
    "status": "planning",
    "privacy_level": "private",
    "created_at": "2025-03-05T12:00:00+09:00"
}